year,prefecture,population_total_k,age_0_14_k,age_15_plus_k
1963,三重,1502.4,,
1963,京都,2059.0,,
1963,佐賀,900.4,,
1963,兵庫,4148.4,,
1963,北海道,5118.8,,
1963,千葉,2543.6,,
1963,和歌山,1017.0,,
1963,埼玉,2781.4,,
1963,大分,1208.2,,
1963,大阪,6196.2,,
1963,奈良,808.0,,
1963,宮城,1749.0,,
1963,宮崎,1102.6,,
1963,富山,1028.2,,
1963,山口,1567.2,,
1963,山形,1286.2,,
1963,山梨,770.6,,
1963,岐阜,1675.2,,
1963,岡山,1655.0,,
1963,岩手,1426.2,,
1963,島根,848.8,,
1963,広島,2242.2,,
1963,徳島,827.8,,
1963,愛媛,1468.0,,
1963,愛知,4561.8,,
1963,新潟,2416.2,,
1963,東京,10395.0,,
1963,栃木,1518.8,,
1963,沖縄,913.6,,
1963,滋賀,849.0,,
1963,熊本,1805.0,,
1963,石川,977.2,,
1963,神奈川,4035.8,,
1963,福井,751.8,,
1963,福岡,3981.8,,
1963,福島,2010.8,,
1963,秋田,1302.4,,
1963,群馬,1594.8,,
1963,茨城,2052.4,,
1963,長崎,1688.6,,
1963,長野,1967.2,,
1963,青森,1421.0,,
1963,静岡,2850.2,,
1963,香川,908.2,,
1963,高知,829.8,,
1963,鳥取,587.6,,
1963,鹿児島,1897.6,,
1964,三重,1508.2,,
1964,京都,2081.0,,
1964,佐賀,886.2,,
1964,兵庫,4229.2,,
1964,北海道,5145.4,,
1964,千葉,2622.8,,
1964,和歌山,1022.0,,
1964,埼玉,2898.2,,
1964,大分,1197.6,,
1964,大阪,6426.6,,
1964,奈良,817.0,,
1964,宮城,1751.0,,
1964,宮崎,1091.8,,
1964,富山,1026.6,,
1964,山口,1555.6,,
1964,山形,1274.6,,
1964,山梨,766.8,,
1964,岐阜,1687.6,,
1964,岡山,1650.0,,
1964,岩手,1418.6,,
1964,島根,835.4,,
1964,広島,2261.6,,
1964,徳島,821.4,,
1964,愛媛,1457.0,,
1964,愛知,4680.4,,
1964,新潟,2407.6,,
1964,東京,10632.0,,
1964,栃木,1520.4,,
1964,沖縄,923.8,,
1964,滋賀,851.0,,
1964,熊本,1788.0,,
1964,石川,978.6,,
1964,神奈川,4233.4,,
1964,福井,751.4,,
1964,福岡,3973.4,,
1964,福島,1997.4,,
1964,秋田,1291.2,,
1964,群馬,1600.4,,
1964,茨城,2054.2,,
1964,長崎,1664.8,,
1964,長野,1962.6,,
1964,青森,1419.0,,
1964,静岡,2881.6,,
1964,香川,904.6,,
1964,高知,821.4,,
1964,鳥取,583.8,,
1964,鹿児島,1875.8,,
1965,三重,1514.0,,
1965,京都,2103.0,,
1965,佐賀,872.0,,
1965,兵庫,4310.0,,
1965,北海道,5172.0,,
1965,千葉,2702.0,,
1965,和歌山,1027.0,,
1965,埼玉,3015.0,,
1965,大分,1187.0,,
1965,大阪,6657.0,,
1965,奈良,826.0,,
1965,宮城,1753.0,,
1965,宮崎,1081.0,,
1965,富山,1025.0,,
1965,山口,1544.0,,
1965,山形,1263.0,,
1965,山梨,763.0,,
1965,岐阜,1700.0,,
1965,岡山,1645.0,,
1965,岩手,1411.0,,
1965,島根,822.0,,
1965,広島,2281.0,,
1965,徳島,815.0,,
1965,愛媛,1446.0,,
1965,愛知,4799.0,,
1965,新潟,2399.0,,
1965,東京,10869.0,,
1965,栃木,1522.0,,
1965,沖縄,934.0,,
1965,滋賀,853.0,,
1965,熊本,1771.0,,
1965,石川,980.0,,
1965,神奈川,4431.0,,
1965,福井,751.0,,
1965,福岡,3965.0,,
1965,福島,1984.0,,
1965,秋田,1280.0,,
1965,群馬,1606.0,,
1965,茨城,2056.0,,
1965,長崎,1641.0,,
1965,長野,1958.0,,
1965,青森,1417.0,,
1965,静岡,2913.0,,
1965,香川,901.0,,
1965,高知,813.0,,
1965,鳥取,580.0,,
1965,鹿児島,1854.0,,
1966,三重,1519.8,,
1966,京都,2132.4,,
1966,佐賀,865.2,,
1966,兵庫,4381.6,,
1966,北海道,5174.4,,
1966,千葉,2835.0,,
1966,和歌山,1030.2,,
1966,埼玉,3185.2,,
1966,大分,1180.8,,
1966,大阪,6849.6,,
1966,奈良,846.8,,
1966,宮城,1766.2,,
1966,宮崎,1075.0,,
1966,富山,1026.0,,
1966,山口,1537.4,,
1966,山形,1255.6,,
1966,山梨,762.8,,
1966,岐阜,1711.8,,
1966,岡山,1657.4,,
1966,岩手,1403.0,,
1966,島根,812.4,,
1966,広島,2312.0,,
1966,徳島,810.2,,
1966,愛媛,1440.4,,
1966,愛知,4916.4,,
1966,新潟,2391.4,,
1966,東京,10976.8,,
1966,栃木,1533.6,,
1966,沖縄,936.2,,
1966,滋賀,860.4,,
1966,熊本,1756.8,,
1966,石川,984.4,,
1966,神奈川,4639.2,,
1966,福井,749.6,,
1966,福岡,3977.4,,
1966,福島,1976.4,,
1966,秋田,1272.2,,
1966,群馬,1616.6,,
1966,茨城,2073.6,,
1966,長崎,1626.8,,
1966,長野,1957.8,,
1966,青森,1419.2,,
1966,静岡,2948.4,,
1966,香川,902.4,,
1966,高知,807.8,,
1966,鳥取,577.8,,
1966,鹿児島,1829.0,,
1967,三重,1525.6,,
1967,京都,2161.8,,
1967,佐賀,858.4,,
1967,兵庫,4453.2,,
1967,北海道,5176.8,,
1967,千葉,2968.0,,
1967,和歌山,1033.4,,
1967,埼玉,3355.4,,
1967,大分,1174.6,,
1967,大阪,7042.2,,
1967,奈良,867.6,,
1967,宮城,1779.4,,
1967,宮崎,1069.0,,
1967,富山,1027.0,,
1967,山口,1530.8,,
1967,山形,1248.2,,
1967,山梨,762.6,,
1967,岐阜,1723.6,,
1967,岡山,1669.8,,
1967,岩手,1395.0,,
1967,島根,802.8,,
1967,広島,2343.0,,
1967,徳島,805.4,,
1967,愛媛,1434.8,,
1967,愛知,5033.8,,
1967,新潟,2383.8,,
1967,東京,11084.6,,
1967,栃木,1545.2,,
1967,沖縄,938.4,,
1967,滋賀,867.8,,
1967,熊本,1742.6,,
1967,石川,988.8,,
1967,神奈川,4847.4,,
1967,福井,748.2,,
1967,福岡,3989.8,,
1967,福島,1968.8,,
1967,秋田,1264.4,,
1967,群馬,1627.2,,
1967,茨城,2091.2,,
1967,長崎,1612.6,,
1967,長野,1957.6,,
1967,青森,1421.4,,
1967,静岡,2983.8,,
1967,香川,903.8,,
1967,高知,802.6,,
1967,鳥取,575.6,,
1967,鹿児島,1804.0,,
1968,三重,1531.4,,
1968,京都,2191.2,,
1968,佐賀,851.6,,
1968,兵庫,4524.8,,
1968,北海道,5179.2,,
1968,千葉,3101.0,,
1968,和歌山,1036.6,,
1968,埼玉,3525.6,,
1968,大分,1168.4,,
1968,大阪,7234.8,,
1968,奈良,888.4,,
1968,宮城,1792.6,,
1968,宮崎,1063.0,,
1968,富山,1028.0,,
1968,山口,1524.2,,
1968,山形,1240.8,,
1968,山梨,762.4,,
1968,岐阜,1735.4,,
1968,岡山,1682.2,,
1968,岩手,1387.0,,
1968,島根,793.2,,
1968,広島,2374.0,,
1968,徳島,800.6,,
1968,愛媛,1429.2,,
1968,愛知,5151.2,,
1968,新潟,2376.2,,
1968,東京,11192.4,,
1968,栃木,1556.8,,
1968,沖縄,940.6,,
1968,滋賀,875.2,,
1968,熊本,1728.4,,
1968,石川,993.2,,
1968,神奈川,5055.6,,
1968,福井,746.8,,
1968,福岡,4002.2,,
1968,福島,1961.2,,
1968,秋田,1256.6,,
1968,群馬,1637.8,,
1968,茨城,2108.8,,
1968,長崎,1598.4,,
1968,長野,1957.4,,
1968,青森,1423.6,,
1968,静岡,3019.2,,
1968,香川,905.2,,
1968,高知,797.4,,
1968,鳥取,573.4,,
1968,鹿児島,1779.0,,
1969,三重,1537.2,,
1969,京都,2220.6,,
1969,佐賀,844.8,,
1969,兵庫,4596.4,,
1969,北海道,5181.6,,
1969,千葉,3234.0,,
1969,和歌山,1039.8,,
1969,埼玉,3695.8,,
1969,大分,1162.2,,
1969,大阪,7427.4,,
1969,奈良,909.2,,
1969,宮城,1805.8,,
1969,宮崎,1057.0,,
1969,富山,1029.0,,
1969,山口,1517.6,,
1969,山形,1233.4,,
1969,山梨,762.2,,
1969,岐阜,1747.2,,
1969,岡山,1694.6,,
1969,岩手,1379.0,,
1969,島根,783.6,,
1969,広島,2405.0,,
1969,徳島,795.8,,
1969,愛媛,1423.6,,
1969,愛知,5268.6,,
1969,新潟,2368.6,,
1969,東京,11300.2,,
1969,栃木,1568.4,,
1969,沖縄,942.8,,
1969,滋賀,882.6,,
1969,熊本,1714.2,,
1969,石川,997.6,,
1969,神奈川,5263.8,,
1969,福井,745.4,,
1969,福岡,4014.6,,
1969,福島,1953.6,,
1969,秋田,1248.8,,
1969,群馬,1648.4,,
1969,茨城,2126.4,,
1969,長崎,1584.2,,
1969,長野,1957.2,,
1969,青森,1425.8,,
1969,静岡,3054.6,,
1969,香川,906.6,,
1969,高知,792.2,,
1969,鳥取,571.2,,
1969,鹿児島,1754.0,,
1970,三重,1543.0,,
1970,京都,2250.0,,
1970,佐賀,838.0,,
1970,兵庫,4668.0,,
1970,北海道,5184.0,,
1970,千葉,3367.0,,
1970,和歌山,1043.0,,
1970,埼玉,3866.0,,
1970,大分,1156.0,,
1970,大阪,7620.0,,
1970,奈良,930.0,,
1970,宮城,1819.0,,
1970,宮崎,1051.0,,
1970,富山,1030.0,,
1970,山口,1511.0,,
1970,山形,1226.0,,
1970,山梨,762.0,,
1970,岐阜,1759.0,,
1970,岡山,1707.0,,
1970,岩手,1371.0,,
1970,島根,774.0,,
1970,広島,2436.0,,
1970,徳島,791.0,,
1970,愛媛,1418.0,,
1970,愛知,5386.0,,
1970,新潟,2361.0,,
1970,東京,11408.0,,
1970,栃木,1580.0,,
1970,沖縄,945.0,,
1970,滋賀,890.0,,
1970,熊本,1700.0,,
1970,石川,1002.0,,
1970,神奈川,5472.0,,
1970,福井,744.0,,
1970,福岡,4027.0,,
1970,福島,1946.0,,
1970,秋田,1241.0,,
1970,群馬,1659.0,,
1970,茨城,2144.0,,
1970,長崎,1570.0,,
1970,長野,1957.0,,
1970,青森,1428.0,,
1970,静岡,3090.0,,
1970,香川,908.0,,
1970,高知,787.0,,
1970,鳥取,569.0,,
1970,鹿児島,1729.0,,
1971,三重,1559.6,,
1971,京都,2285.0,,
1971,佐賀,838.0,,
1971,兵庫,4732.8,,
1971,北海道,5214.8,,
1971,千葉,3523.4,,
1971,和歌山,1048.8,,
1971,埼玉,4057.0,,
1971,大分,1162.8,,
1971,大阪,7751.8,,
1971,奈良,959.4,,
1971,宮城,1846.2,,
1971,宮崎,1057.8,,
1971,富山,1038.2,,
1971,山口,1519.8,,
1971,山形,1224.8,,
1971,山梨,766.2,,
1971,岐阜,1780.8,,
1971,岡山,1728.4,,
1971,岩手,1374.0,,
1971,島根,773.0,,
1971,広島,2478.0,,
1971,徳島,793.8,,
1971,愛媛,1427.4,,
1971,愛知,5493.6,,
1971,新潟,2367.2,,
1971,東京,11461.2,,
1971,栃木,1603.6,,
1971,沖縄,964.6,,
1971,滋賀,909.2,,
1971,熊本,1703.0,,
1971,石川,1015.6,,
1971,神奈川,5657.2,,
1971,福井,750.0,,
1971,福岡,4080.2,,
1971,福島,1951.0,,
1971,秋田,1239.2,,
1971,群馬,1678.4,,
1971,茨城,2183.6,,
1971,長崎,1570.4,,
1971,長野,1969.2,,
1971,青森,1436.2,,
1971,静岡,3133.8,,
1971,香川,918.6,,
1971,高知,791.2,,
1971,鳥取,571.4,,
1971,鹿児島,1728.0,,
1972,三重,1576.2,,
1972,京都,2320.0,,
1972,佐賀,838.0,,
1972,兵庫,4797.6,,
1972,北海道,5245.6,,
1972,千葉,3679.8,,
1972,和歌山,1054.6,,
1972,埼玉,4248.0,,
1972,大分,1169.6,,
1972,大阪,7883.6,,
1972,奈良,988.8,,
1972,宮城,1873.4,,
1972,宮崎,1064.6,,
1972,富山,1046.4,,
1972,山口,1528.6,,
1972,山形,1223.6,,
1972,山梨,770.4,,
1972,岐阜,1802.6,,
1972,岡山,1749.8,,
1972,岩手,1377.0,,
1972,島根,772.0,,
1972,広島,2520.0,,
1972,徳島,796.6,,
1972,愛媛,1436.8,,
1972,愛知,5601.2,,
1972,新潟,2373.4,,
1972,東京,11514.4,,
1972,栃木,1627.2,,
1972,沖縄,984.2,,
1972,滋賀,928.4,,
1972,熊本,1706.0,,
1972,石川,1029.2,,
1972,神奈川,5842.4,,
1972,福井,756.0,,
1972,福岡,4133.4,,
1972,福島,1956.0,,
1972,秋田,1237.4,,
1972,群馬,1697.8,,
1972,茨城,2223.2,,
1972,長崎,1570.8,,
1972,長野,1981.4,,
1972,青森,1444.4,,
1972,静岡,3177.6,,
1972,香川,929.2,,
1972,高知,795.4,,
1972,鳥取,573.8,,
1972,鹿児島,1727.0,,
1973,三重,1592.8,,
1973,京都,2355.0,,
1973,佐賀,838.0,,
1973,兵庫,4862.4,,
1973,北海道,5276.4,,
1973,千葉,3836.2,,
1973,和歌山,1060.4,,
1973,埼玉,4439.0,,
1973,大分,1176.4,,
1973,大阪,8015.4,,
1973,奈良,1018.2,,
1973,宮城,1900.6,,
1973,宮崎,1071.4,,
1973,富山,1054.6,,
1973,山口,1537.4,,
1973,山形,1222.4,,
1973,山梨,774.6,,
1973,岐阜,1824.4,,
1973,岡山,1771.2,,
1973,岩手,1380.0,,
1973,島根,771.0,,
1973,広島,2562.0,,
1973,徳島,799.4,,
1973,愛媛,1446.2,,
1973,愛知,5708.8,,
1973,新潟,2379.6,,
1973,東京,11567.6,,
1973,栃木,1650.8,,
1973,沖縄,1003.8,,
1973,滋賀,947.6,,
1973,熊本,1709.0,,
1973,石川,1042.8,,
1973,神奈川,6027.6,,
1973,福井,762.0,,
1973,福岡,4186.6,,
1973,福島,1961.0,,
1973,秋田,1235.6,,
1973,群馬,1717.2,,
1973,茨城,2262.8,,
1973,長崎,1571.2,,
1973,長野,1993.6,,
1973,青森,1452.6,,
1973,静岡,3221.4,,
1973,香川,939.8,,
1973,高知,799.6,,
1973,鳥取,576.2,,
1973,鹿児島,1726.0,,
1974,三重,1609.4,,
1974,京都,2390.0,,
1974,佐賀,838.0,,
1974,兵庫,4927.2,,
1974,北海道,5307.2,,
1974,千葉,3992.6,,
1974,和歌山,1066.2,,
1974,埼玉,4630.0,,
1974,大分,1183.2,,
1974,大阪,8147.2,,
1974,奈良,1047.6,,
1974,宮城,1927.8,,
1974,宮崎,1078.2,,
1974,富山,1062.8,,
1974,山口,1546.2,,
1974,山形,1221.2,,
1974,山梨,778.8,,
1974,岐阜,1846.2,,
1974,岡山,1792.6,,
1974,岩手,1383.0,,
1974,島根,770.0,,
1974,広島,2604.0,,
1974,徳島,802.2,,
1974,愛媛,1455.6,,
1974,愛知,5816.4,,
1974,新潟,2385.8,,
1974,東京,11620.8,,
1974,栃木,1674.4,,
1974,沖縄,1023.4,,
1974,滋賀,966.8,,
1974,熊本,1712.0,,
1974,石川,1056.4,,
1974,神奈川,6212.8,,
1974,福井,768.0,,
1974,福岡,4239.8,,
1974,福島,1966.0,,
1974,秋田,1233.8,,
1974,群馬,1736.6,,
1974,茨城,2302.4,,
1974,長崎,1571.6,,
1974,長野,2005.8,,
1974,青森,1460.8,,
1974,静岡,3265.2,,
1974,香川,950.4,,
1974,高知,803.8,,
1974,鳥取,578.6,,
1974,鹿児島,1725.0,,
1975,三重,1626.0,,
1975,京都,2425.0,,
1975,佐賀,838.0,,
1975,兵庫,4992.0,,
1975,北海道,5338.0,,
1975,千葉,4149.0,,
1975,和歌山,1072.0,,
1975,埼玉,4821.0,,
1975,大分,1190.0,,
1975,大阪,8279.0,,
1975,奈良,1077.0,,
1975,宮城,1955.0,,
1975,宮崎,1085.0,,
1975,富山,1071.0,,
1975,山口,1555.0,,
1975,山形,1220.0,,
1975,山梨,783.0,,
1975,岐阜,1868.0,,
1975,岡山,1814.0,,
1975,岩手,1386.0,,
1975,島根,769.0,,
1975,広島,2646.0,,
1975,徳島,805.0,,
1975,愛媛,1465.0,,
1975,愛知,5924.0,,
1975,新潟,2392.0,,
1975,東京,11674.0,,
1975,栃木,1698.0,,
1975,沖縄,1043.0,,
1975,滋賀,986.0,,
1975,熊本,1715.0,,
1975,石川,1070.0,,
1975,神奈川,6398.0,,
1975,福井,774.0,,
1975,福岡,4293.0,,
1975,福島,1971.0,,
1975,秋田,1232.0,,
1975,群馬,1756.0,,
1975,茨城,2342.0,,
1975,長崎,1572.0,,
1975,長野,2018.0,,
1975,青森,1469.0,,
1975,静岡,3309.0,,
1975,香川,961.0,,
1975,高知,808.0,,
1975,鳥取,581.0,,
1975,鹿児島,1724.0,,
1976,三重,1638.2,,
1976,京都,2445.4,,
1976,佐賀,843.6,,
1976,兵庫,5022.6,,
1976,北海道,5385.6,,
1976,千葉,4266.2,,
1976,和歌山,1075.0,,
1976,埼玉,4940.8,,
1976,大分,1197.8,,
1976,大阪,8317.8,,
1976,奈良,1103.4,,
1976,宮城,1980.4,,
1976,宮崎,1098.4,,
1976,富山,1077.4,,
1976,山口,1561.4,,
1976,山形,1226.4,,
1976,山梨,787.2,,
1976,岐阜,1886.4,,
1976,岡山,1825.4,,
1976,岩手,1393.2,,
1976,島根,772.2,,
1976,広島,2664.6,,
1976,徳島,809.0,,
1976,愛媛,1473.4,,
1976,愛知,5983.6,,
1976,新潟,2403.8,,
1976,東京,11662.8,,
1976,栃木,1716.8,,
1976,沖縄,1055.8,,
1976,滋賀,1004.8,,
1976,熊本,1730.0,,
1976,石川,1079.8,,
1976,神奈川,6503.2,,
1976,福井,778.0,,
1976,福岡,4345.0,,
1976,福島,1983.8,,
1976,秋田,1237.0,,
1976,群馬,1774.6,,
1976,茨城,2385.2,,
1976,長崎,1575.8,,
1976,長野,2031.2,,
1976,青森,1480.0,,
1976,静岡,3336.6,,
1976,香川,968.8,,
1976,高知,812.6,,
1976,鳥取,585.6,,
1976,鹿児島,1736.2,,
1977,三重,1650.4,,
1977,京都,2465.8,,
1977,佐賀,849.2,,
1977,兵庫,5053.2,,
1977,北海道,5433.2,,
1977,千葉,4383.4,,
1977,和歌山,1078.0,,
1977,埼玉,5060.6,,
1977,大分,1205.6,,
1977,大阪,8356.6,,
1977,奈良,1129.8,,
1977,宮城,2005.8,,
1977,宮崎,1111.8,,
1977,富山,1083.8,,
1977,山口,1567.8,,
1977,山形,1232.8,,
1977,山梨,791.4,,
1977,岐阜,1904.8,,
1977,岡山,1836.8,,
1977,岩手,1400.4,,
1977,島根,775.4,,
1977,広島,2683.2,,
1977,徳島,813.0,,
1977,愛媛,1481.8,,
1977,愛知,6043.2,,
1977,新潟,2415.6,,
1977,東京,11651.6,,
1977,栃木,1735.6,,
1977,沖縄,1068.6,,
1977,滋賀,1023.6,,
1977,熊本,1745.0,,
1977,石川,1089.6,,
1977,神奈川,6608.4,,
1977,福井,782.0,,
1977,福岡,4397.0,,
1977,福島,1996.6,,
1977,秋田,1242.0,,
1977,群馬,1793.2,,
1977,茨城,2428.4,,
1977,長崎,1579.6,,
1977,長野,2044.4,,
1977,青森,1491.0,,
1977,静岡,3364.2,,
1977,香川,976.6,,
1977,高知,817.2,,
1977,鳥取,590.2,,
1977,鹿児島,1748.4,,
1978,三重,1662.6,,
1978,京都,2486.2,,
1978,佐賀,854.8,,
1978,兵庫,5083.8,,
1978,北海道,5480.8,,
1978,千葉,4500.6,,
1978,和歌山,1081.0,,
1978,埼玉,5180.4,,
1978,大分,1213.4,,
1978,大阪,8395.4,,
1978,奈良,1156.2,,
1978,宮城,2031.2,,
1978,宮崎,1125.2,,
1978,富山,1090.2,,
1978,山口,1574.2,,
1978,山形,1239.2,,
1978,山梨,795.6,,
1978,岐阜,1923.2,,
1978,岡山,1848.2,,
1978,岩手,1407.6,,
1978,島根,778.6,,
1978,広島,2701.8,,
1978,徳島,817.0,,
1978,愛媛,1490.2,,
1978,愛知,6102.8,,
1978,新潟,2427.4,,
1978,東京,11640.4,,
1978,栃木,1754.4,,
1978,沖縄,1081.4,,
1978,滋賀,1042.4,,
1978,熊本,1760.0,,
1978,石川,1099.4,,
1978,神奈川,6713.6,,
1978,福井,786.0,,
1978,福岡,4449.0,,
1978,福島,2009.4,,
1978,秋田,1247.0,,
1978,群馬,1811.8,,
1978,茨城,2471.6,,
1978,長崎,1583.4,,
1978,長野,2057.6,,
1978,青森,1502.0,,
1978,静岡,3391.8,,
1978,香川,984.4,,
1978,高知,821.8,,
1978,鳥取,594.8,,
1978,鹿児島,1760.6,,
1979,三重,1674.8,,
1979,京都,2506.6,,
1979,佐賀,860.4,,
1979,兵庫,5114.4,,
1979,北海道,5528.4,,
1979,千葉,4617.8,,
1979,和歌山,1084.0,,
1979,埼玉,5300.2,,
1979,大分,1221.2,,
1979,大阪,8434.2,,
1979,奈良,1182.6,,
1979,宮城,2056.6,,
1979,宮崎,1138.6,,
1979,富山,1096.6,,
1979,山口,1580.6,,
1979,山形,1245.6,,
1979,山梨,799.8,,
1979,岐阜,1941.6,,
1979,岡山,1859.6,,
1979,岩手,1414.8,,
1979,島根,781.8,,
1979,広島,2720.4,,
1979,徳島,821.0,,
1979,愛媛,1498.6,,
1979,愛知,6162.4,,
1979,新潟,2439.2,,
1979,東京,11629.2,,
1979,栃木,1773.2,,
1979,沖縄,1094.2,,
1979,滋賀,1061.2,,
1979,熊本,1775.0,,
1979,石川,1109.2,,
1979,神奈川,6818.8,,
1979,福井,790.0,,
1979,福岡,4501.0,,
1979,福島,2022.2,,
1979,秋田,1252.0,,
1979,群馬,1830.4,,
1979,茨城,2514.8,,
1979,長崎,1587.2,,
1979,長野,2070.8,,
1979,青森,1513.0,,
1979,静岡,3419.4,,
1979,香川,992.2,,
1979,高知,826.4,,
1979,鳥取,599.4,,
1979,鹿児島,1772.8,,
1980,三重,1687.0,,
1980,京都,2527.0,,
1980,佐賀,866.0,,
1980,兵庫,5145.0,,
1980,北海道,5576.0,,
1980,千葉,4735.0,,
1980,和歌山,1087.0,,
1980,埼玉,5420.0,,
1980,大分,1229.0,,
1980,大阪,8473.0,,
1980,奈良,1209.0,,
1980,宮城,2082.0,,
1980,宮崎,1152.0,,
1980,富山,1103.0,,
1980,山口,1587.0,,
1980,山形,1252.0,,
1980,山梨,804.0,,
1980,岐阜,1960.0,,
1980,岡山,1871.0,,
1980,岩手,1422.0,,
1980,島根,785.0,,
1980,広島,2739.0,,
1980,徳島,825.0,,
1980,愛媛,1507.0,,
1980,愛知,6222.0,,
1980,新潟,2451.0,,
1980,東京,11618.0,,
1980,栃木,1792.0,,
1980,沖縄,1107.0,,
1980,滋賀,1080.0,,
1980,熊本,1790.0,,
1980,石川,1119.0,,
1980,神奈川,6924.0,,
1980,福井,794.0,,
1980,福岡,4553.0,,
1980,福島,2035.0,,
1980,秋田,1257.0,,
1980,群馬,1849.0,,
1980,茨城,2558.0,,
1980,長崎,1591.0,,
1980,長野,2084.0,,
1980,青森,1524.0,,
1980,静岡,3447.0,,
1980,香川,1000.0,,
1980,高知,831.0,,
1980,鳥取,604.0,,
1980,鹿児島,1785.0,,
1981,三重,1699.0,,
1981,京都,2539.0,,
1981,佐賀,868.8,,
1981,兵庫,5171.6,,
1981,北海道,5596.6,,
1981,千葉,4817.6,,
1981,和歌山,1087.0,,
1981,埼玉,5508.8,,
1981,大分,1233.2,,
1981,大阪,8512.0,,
1981,奈良,1228.2,,
1981,宮城,2100.8,,
1981,宮崎,1156.8,,
1981,富山,1106.0,,
1981,山口,1590.0,,
1981,山形,1254.0,,
1981,山梨,809.8,,
1981,岐阜,1973.8,,
1981,岡山,1880.2,,
1981,岩手,1424.4,,
1981,島根,787.0,,
1981,広島,2755.0,,
1981,徳島,827.0,,
1981,愛媛,1511.6,,
1981,愛知,6268.6,,
1981,新潟,2456.4,,
1981,東京,11660.2,,
1981,栃木,1806.8,,
1981,沖縄,1121.4,,
1981,滋賀,1095.2,,
1981,熊本,1799.6,,
1981,石川,1125.6,,
1981,神奈川,7025.6,,
1981,福井,798.8,,
1981,福岡,4586.2,,
1981,福島,2044.0,,
1981,秋田,1256.4,,
1981,群馬,1863.4,,
1981,茨城,2591.4,,
1981,長崎,1591.6,,
1981,長野,2094.6,,
1981,青森,1524.0,,
1981,静岡,3472.6,,
1981,香川,1004.6,,
1981,高知,832.8,,
1981,鳥取,606.4,,
1981,鹿児島,1791.8,,
1982,三重,1711.0,,
1982,京都,2551.0,,
1982,佐賀,871.6,,
1982,兵庫,5198.2,,
1982,北海道,5617.2,,
1982,千葉,4900.2,,
1982,和歌山,1087.0,,
1982,埼玉,5597.6,,
1982,大分,1237.4,,
1982,大阪,8551.0,,
1982,奈良,1247.4,,
1982,宮城,2119.6,,
1982,宮崎,1161.6,,
1982,富山,1109.0,,
1982,山口,1593.0,,
1982,山形,1256.0,,
1982,山梨,815.6,,
1982,岐阜,1987.6,,
1982,岡山,1889.4,,
1982,岩手,1426.8,,
1982,島根,789.0,,
1982,広島,2771.0,,
1982,徳島,829.0,,
1982,愛媛,1516.2,,
1982,愛知,6315.2,,
1982,新潟,2461.8,,
1982,東京,11702.4,,
1982,栃木,1821.6,,
1982,沖縄,1135.8,,
1982,滋賀,1110.4,,
1982,熊本,1809.2,,
1982,石川,1132.2,,
1982,神奈川,7127.2,,
1982,福井,803.6,,
1982,福岡,4619.4,,
1982,福島,2053.0,,
1982,秋田,1255.8,,
1982,群馬,1877.8,,
1982,茨城,2624.8,,
1982,長崎,1592.2,,
1982,長野,2105.2,,
1982,青森,1524.0,,
1982,静岡,3498.2,,
1982,香川,1009.2,,
1982,高知,834.6,,
1982,鳥取,608.8,,
1982,鹿児島,1798.6,,
1983,三重,1723.0,,
1983,京都,2563.0,,
1983,佐賀,874.4,,
1983,兵庫,5224.8,,
1983,北海道,5637.8,,
1983,千葉,4982.8,,
1983,和歌山,1087.0,,
1983,埼玉,5686.4,,
1983,大分,1241.6,,
1983,大阪,8590.0,,
1983,奈良,1266.6,,
1983,宮城,2138.4,,
1983,宮崎,1166.4,,
1983,富山,1112.0,,
1983,山口,1596.0,,
1983,山形,1258.0,,
1983,山梨,821.4,,
1983,岐阜,2001.4,,
1983,岡山,1898.6,,
1983,岩手,1429.2,,
1983,島根,791.0,,
1983,広島,2787.0,,
1983,徳島,831.0,,
1983,愛媛,1520.8,,
1983,愛知,6361.8,,
1983,新潟,2467.2,,
1983,東京,11744.6,,
1983,栃木,1836.4,,
1983,沖縄,1150.2,,
1983,滋賀,1125.6,,
1983,熊本,1818.8,,
1983,石川,1138.8,,
1983,神奈川,7228.8,,
1983,福井,808.4,,
1983,福岡,4652.6,,
1983,福島,2062.0,,
1983,秋田,1255.2,,
1983,群馬,1892.2,,
1983,茨城,2658.2,,
1983,長崎,1592.8,,
1983,長野,2115.8,,
1983,青森,1524.0,,
1983,静岡,3523.8,,
1983,香川,1013.8,,
1983,高知,836.4,,
1983,鳥取,611.2,,
1983,鹿児島,1805.4,,
1984,三重,1735.0,,
1984,京都,2575.0,,
1984,佐賀,877.2,,
1984,兵庫,5251.4,,
1984,北海道,5658.4,,
1984,千葉,5065.4,,
1984,和歌山,1087.0,,
1984,埼玉,5775.2,,
1984,大分,1245.8,,
1984,大阪,8629.0,,
1984,奈良,1285.8,,
1984,宮城,2157.2,,
1984,宮崎,1171.2,,
1984,富山,1115.0,,
1984,山口,1599.0,,
1984,山形,1260.0,,
1984,山梨,827.2,,
1984,岐阜,2015.2,,
1984,岡山,1907.8,,
1984,岩手,1431.6,,
1984,島根,793.0,,
1984,広島,2803.0,,
1984,徳島,833.0,,
1984,愛媛,1525.4,,
1984,愛知,6408.4,,
1984,新潟,2472.6,,
1984,東京,11786.8,,
1984,栃木,1851.2,,
1984,沖縄,1164.6,,
1984,滋賀,1140.8,,
1984,熊本,1828.4,,
1984,石川,1145.4,,
1984,神奈川,7330.4,,
1984,福井,813.2,,
1984,福岡,4685.8,,
1984,福島,2071.0,,
1984,秋田,1254.6,,
1984,群馬,1906.6,,
1984,茨城,2691.6,,
1984,長崎,1593.4,,
1984,長野,2126.4,,
1984,青森,1524.0,,
1984,静岡,3549.4,,
1984,香川,1018.4,,
1984,高知,838.2,,
1984,鳥取,613.6,,
1984,鹿児島,1812.2,,
1985,三重,1747.0,,
1985,京都,2587.0,,
1985,佐賀,880.0,,
1985,兵庫,5278.0,,
1985,北海道,5679.0,,
1985,千葉,5148.0,,
1985,和歌山,1087.0,,
1985,埼玉,5864.0,,
1985,大分,1250.0,,
1985,大阪,8668.0,,
1985,奈良,1305.0,,
1985,宮城,2176.0,,
1985,宮崎,1176.0,,
1985,富山,1118.0,,
1985,山口,1602.0,,
1985,山形,1262.0,,
1985,山梨,833.0,,
1985,岐阜,2029.0,,
1985,岡山,1917.0,,
1985,岩手,1434.0,,
1985,島根,795.0,,
1985,広島,2819.0,,
1985,徳島,835.0,,
1985,愛媛,1530.0,,
1985,愛知,6455.0,,
1985,新潟,2478.0,,
1985,東京,11829.0,,
1985,栃木,1866.0,,
1985,沖縄,1179.0,,
1985,滋賀,1156.0,,
1985,熊本,1838.0,,
1985,石川,1152.0,,
1985,神奈川,7432.0,,
1985,福井,818.0,,
1985,福岡,4719.0,,
1985,福島,2080.0,,
1985,秋田,1254.0,,
1985,群馬,1921.0,,
1985,茨城,2725.0,,
1985,長崎,1594.0,,
1985,長野,2137.0,,
1985,青森,1524.0,,
1985,静岡,3575.0,,
1985,香川,1023.0,,
1985,高知,840.0,,
1985,鳥取,616.0,,
1985,鹿児島,1819.0,,
1986,三重,1756.2,,
1986,京都,2590.0,,
1986,佐賀,879.6,,
1986,兵庫,5303.4,,
1986,北海道,5672.0,,
1986,千葉,5229.4,,
1986,和歌山,1084.4,,
1986,埼玉,5972.2,,
1986,大分,1247.4,,
1986,大阪,8681.4,,
1986,奈良,1319.0,,
1986,宮城,2190.6,,
1986,宮崎,1174.6,,
1986,富山,1118.4,,
1986,山口,1596.2,,
1986,山形,1261.2,,
1986,山梨,837.0,,
1986,岐阜,2036.6,,
1986,岡山,1918.8,,
1986,岩手,1430.6,,
1986,島根,792.2,,
1986,広島,2825.2,,
1986,徳島,834.4,,
1986,愛媛,1527.0,,
1986,愛知,6502.2,,
1986,新潟,2477.4,,
1986,東京,11834.4,,
1986,栃木,1879.8,,
1986,沖縄,1187.6,,
1986,滋賀,1169.2,,
1986,熊本,1838.4,,
1986,石川,1154.6,,
1986,神奈川,7541.6,,
1986,福井,819.2,,
1986,福岡,4737.4,,
1986,福島,2084.8,,
1986,秋田,1248.6,,
1986,群馬,1930.0,,
1986,茨城,2749.0,,
1986,長崎,1587.8,,
1986,長野,2141.0,,
1986,青森,1515.8,,
1986,静岡,3594.2,,
1986,香川,1023.0,,
1986,高知,837.0,,
1986,鳥取,616.0,,
1986,鹿児島,1814.8,,
1987,三重,1765.4,,
1987,京都,2593.0,,
1987,佐賀,879.2,,
1987,兵庫,5328.8,,
1987,北海道,5665.0,,
1987,千葉,5310.8,,
1987,和歌山,1081.8,,
1987,埼玉,6080.4,,
1987,大分,1244.8,,
1987,大阪,8694.8,,
1987,奈良,1333.0,,
1987,宮城,2205.2,,
1987,宮崎,1173.2,,
1987,富山,1118.8,,
1987,山口,1590.4,,
1987,山形,1260.4,,
1987,山梨,841.0,,
1987,岐阜,2044.2,,
1987,岡山,1920.6,,
1987,岩手,1427.2,,
1987,島根,789.4,,
1987,広島,2831.4,,
1987,徳島,833.8,,
1987,愛媛,1524.0,,
1987,愛知,6549.4,,
1987,新潟,2476.8,,
1987,東京,11839.8,,
1987,栃木,1893.6,,
1987,沖縄,1196.2,,
1987,滋賀,1182.4,,
1987,熊本,1838.8,,
1987,石川,1157.2,,
1987,神奈川,7651.2,,
1987,福井,820.4,,
1987,福岡,4755.8,,
1987,福島,2089.6,,
1987,秋田,1243.2,,
1987,群馬,1939.0,,
1987,茨城,2773.0,,
1987,長崎,1581.6,,
1987,長野,2145.0,,
1987,青森,1507.6,,
1987,静岡,3613.4,,
1987,香川,1023.0,,
1987,高知,834.0,,
1987,鳥取,616.0,,
1987,鹿児島,1810.6,,
1988,三重,1774.6,,
1988,京都,2596.0,,
1988,佐賀,878.8,,
1988,兵庫,5354.2,,
1988,北海道,5658.0,,
1988,千葉,5392.2,,
1988,和歌山,1079.2,,
1988,埼玉,6188.6,,
1988,大分,1242.2,,
1988,大阪,8708.2,,
1988,奈良,1347.0,,
1988,宮城,2219.8,,
1988,宮崎,1171.8,,
1988,富山,1119.2,,
1988,山口,1584.6,,
1988,山形,1259.6,,
1988,山梨,845.0,,
1988,岐阜,2051.8,,
1988,岡山,1922.4,,
1988,岩手,1423.8,,
1988,島根,786.6,,
1988,広島,2837.6,,
1988,徳島,833.2,,
1988,愛媛,1521.0,,
1988,愛知,6596.6,,
1988,新潟,2476.2,,
1988,東京,11845.2,,
1988,栃木,1907.4,,
1988,沖縄,1204.8,,
1988,滋賀,1195.6,,
1988,熊本,1839.2,,
1988,石川,1159.8,,
1988,神奈川,7760.8,,
1988,福井,821.6,,
1988,福岡,4774.2,,
1988,福島,2094.4,,
1988,秋田,1237.8,,
1988,群馬,1948.0,,
1988,茨城,2797.0,,
1988,長崎,1575.4,,
1988,長野,2149.0,,
1988,青森,1499.4,,
1988,静岡,3632.6,,
1988,香川,1023.0,,
1988,高知,831.0,,
1988,鳥取,616.0,,
1988,鹿児島,1806.4,,
1989,三重,1783.8,,
1989,京都,2599.0,,
1989,佐賀,878.4,,
1989,兵庫,5379.6,,
1989,北海道,5651.0,,
1989,千葉,5473.6,,
1989,和歌山,1076.6,,
1989,埼玉,6296.8,,
1989,大分,1239.6,,
1989,大阪,8721.6,,
1989,奈良,1361.0,,
1989,宮城,2234.4,,
1989,宮崎,1170.4,,
1989,富山,1119.6,,
1989,山口,1578.8,,
1989,山形,1258.8,,
1989,山梨,849.0,,
1989,岐阜,2059.4,,
1989,岡山,1924.2,,
1989,岩手,1420.4,,
1989,島根,783.8,,
1989,広島,2843.8,,
1989,徳島,832.6,,
1989,愛媛,1518.0,,
1989,愛知,6643.8,,
1989,新潟,2475.6,,
1989,東京,11850.6,,
1989,栃木,1921.2,,
1989,沖縄,1213.4,,
1989,滋賀,1208.8,,
1989,熊本,1839.6,,
1989,石川,1162.4,,
1989,神奈川,7870.4,,
1989,福井,822.8,,
1989,福岡,4792.6,,
1989,福島,2099.2,,
1989,秋田,1232.4,,
1989,群馬,1957.0,,
1989,茨城,2821.0,,
1989,長崎,1569.2,,
1989,長野,2153.0,,
1989,青森,1491.2,,
1989,静岡,3651.8,,
1989,香川,1023.0,,
1989,高知,828.0,,
1989,鳥取,616.0,,
1989,鹿児島,1802.2,,
1990,三重,1793.0,,
1990,京都,2602.0,,
1990,佐賀,878.0,,
1990,兵庫,5405.0,,
1990,北海道,5644.0,,
1990,千葉,5555.0,,
1990,和歌山,1074.0,,
1990,埼玉,6405.0,,
1990,大分,1237.0,,
1990,大阪,8735.0,,
1990,奈良,1375.0,,
1990,宮城,2249.0,,
1990,宮崎,1169.0,,
1990,富山,1120.0,,
1990,山口,1573.0,,
1990,山形,1258.0,,
1990,山梨,853.0,,
1990,岐阜,2067.0,,
1990,岡山,1926.0,,
1990,岩手,1417.0,,
1990,島根,781.0,,
1990,広島,2850.0,,
1990,徳島,832.0,,
1990,愛媛,1515.0,,
1990,愛知,6691.0,,
1990,新潟,2475.0,,
1990,東京,11856.0,,
1990,栃木,1935.0,,
1990,沖縄,1222.0,,
1990,滋賀,1222.0,,
1990,熊本,1840.0,,
1990,石川,1165.0,,
1990,神奈川,7980.0,,
1990,福井,824.0,,
1990,福岡,4811.0,,
1990,福島,2104.0,,
1990,秋田,1227.0,,
1990,群馬,1966.0,,
1990,茨城,2845.0,,
1990,長崎,1563.0,,
1990,長野,2157.0,,
1990,青森,1483.0,,
1990,静岡,3671.0,,
1990,香川,1023.0,,
1990,高知,825.0,,
1990,鳥取,616.0,,
1990,鹿児島,1798.0,,
1991,三重,1802.6,,
1991,京都,2607.6,,
1991,佐賀,879.2,,
1991,兵庫,5404.4,,
1991,北海道,5653.6,,
1991,千葉,5603.6,,
1991,和歌山,1075.2,,
1991,埼玉,6475.8,,
1991,大分,1235.8,,
1991,大阪,8747.4,,
1991,奈良,1386.2,,
1991,宮城,2265.0,,
1991,宮崎,1170.4,,
1991,富山,1120.6,,
1991,山口,1569.6,,
1991,山形,1257.8,,
1991,山梨,858.8,,
1991,岐阜,2073.6,,
1991,岡山,1931.0,,
1991,岩手,1417.6,,
1991,島根,779.0,,
1991,広島,2856.4,,
1991,徳島,832.0,,
1991,愛媛,1513.4,,
1991,愛知,6726.4,,
1991,新潟,2477.6,,
1991,東京,11839.6,,
1991,栃木,1944.8,,
1991,沖縄,1232.2,,
1991,滋賀,1235.0,,
1991,熊本,1844.0,,
1991,石川,1168.0,,
1991,神奈川,8033.2,,
1991,福井,824.6,,
1991,福岡,4835.4,,
1991,福島,2110.0,,
1991,秋田,1224.4,,
1991,群馬,1973.6,,
1991,茨城,2867.2,,
1991,長崎,1559.4,,
1991,長野,2164.4,,
1991,青森,1482.8,,
1991,静岡,3684.4,,
1991,香川,1023.8,,
1991,高知,823.4,,
1991,鳥取,615.8,,
1991,鹿児島,1797.2,,
1992,三重,1812.2,,
1992,京都,2613.2,,
1992,佐賀,880.4,,
1992,兵庫,5403.8,,
1992,北海道,5663.2,,
1992,千葉,5652.2,,
1992,和歌山,1076.4,,
1992,埼玉,6546.6,,
1992,大分,1234.6,,
1992,大阪,8759.8,,
1992,奈良,1397.4,,
1992,宮城,2281.0,,
1992,宮崎,1171.8,,
1992,富山,1121.2,,
1992,山口,1566.2,,
1992,山形,1257.6,,
1992,山梨,864.6,,
1992,岐阜,2080.2,,
1992,岡山,1936.0,,
1992,岩手,1418.2,,
1992,島根,777.0,,
1992,広島,2862.8,,
1992,徳島,832.0,,
1992,愛媛,1511.8,,
1992,愛知,6761.8,,
1992,新潟,2480.2,,
1992,東京,11823.2,,
1992,栃木,1954.6,,
1992,沖縄,1242.4,,
1992,滋賀,1248.0,,
1992,熊本,1848.0,,
1992,石川,1171.0,,
1992,神奈川,8086.4,,
1992,福井,825.2,,
1992,福岡,4859.8,,
1992,福島,2116.0,,
1992,秋田,1221.8,,
1992,群馬,1981.2,,
1992,茨城,2889.4,,
1992,長崎,1555.8,,
1992,長野,2171.8,,
1992,青森,1482.6,,
1992,静岡,3697.8,,
1992,香川,1024.6,,
1992,高知,821.8,,
1992,鳥取,615.6,,
1992,鹿児島,1796.4,,
1993,三重,1821.8,,
1993,京都,2618.8,,
1993,佐賀,881.6,,
1993,兵庫,5403.2,,
1993,北海道,5672.8,,
1993,千葉,5700.8,,
1993,和歌山,1077.6,,
1993,埼玉,6617.4,,
1993,大分,1233.4,,
1993,大阪,8772.2,,
1993,奈良,1408.6,,
1993,宮城,2297.0,,
1993,宮崎,1173.2,,
1993,富山,1121.8,,
1993,山口,1562.8,,
1993,山形,1257.4,,
1993,山梨,870.4,,
1993,岐阜,2086.8,,
1993,岡山,1941.0,,
1993,岩手,1418.8,,
1993,島根,775.0,,
1993,広島,2869.2,,
1993,徳島,832.0,,
1993,愛媛,1510.2,,
1993,愛知,6797.2,,
1993,新潟,2482.8,,
1993,東京,11806.8,,
1993,栃木,1964.4,,
1993,沖縄,1252.6,,
1993,滋賀,1261.0,,
1993,熊本,1852.0,,
1993,石川,1174.0,,
1993,神奈川,8139.6,,
1993,福井,825.8,,
1993,福岡,4884.2,,
1993,福島,2122.0,,
1993,秋田,1219.2,,
1993,群馬,1988.8,,
1993,茨城,2911.6,,
1993,長崎,1552.2,,
1993,長野,2179.2,,
1993,青森,1482.4,,
1993,静岡,3711.2,,
1993,香川,1025.4,,
1993,高知,820.2,,
1993,鳥取,615.4,,
1993,鹿児島,1795.6,,
1994,三重,1831.4,,
1994,京都,2624.4,,
1994,佐賀,882.8,,
1994,兵庫,5402.6,,
1994,北海道,5682.4,,
1994,千葉,5749.4,,
1994,和歌山,1078.8,,
1994,埼玉,6688.2,,
1994,大分,1232.2,,
1994,大阪,8784.6,,
1994,奈良,1419.8,,
1994,宮城,2313.0,,
1994,宮崎,1174.6,,
1994,富山,1122.4,,
1994,山口,1559.4,,
1994,山形,1257.2,,
1994,山梨,876.2,,
1994,岐阜,2093.4,,
1994,岡山,1946.0,,
1994,岩手,1419.4,,
1994,島根,773.0,,
1994,広島,2875.6,,
1994,徳島,832.0,,
1994,愛媛,1508.6,,
1994,愛知,6832.6,,
1994,新潟,2485.4,,
1994,東京,11790.4,,
1994,栃木,1974.2,,
1994,沖縄,1262.8,,
1994,滋賀,1274.0,,
1994,熊本,1856.0,,
1994,石川,1177.0,,
1994,神奈川,8192.8,,
1994,福井,826.4,,
1994,福岡,4908.6,,
1994,福島,2128.0,,
1994,秋田,1216.6,,
1994,群馬,1996.4,,
1994,茨城,2933.8,,
1994,長崎,1548.6,,
1994,長野,2186.6,,
1994,青森,1482.2,,
1994,静岡,3724.6,,
1994,香川,1026.2,,
1994,高知,818.6,,
1994,鳥取,615.2,,
1994,鹿児島,1794.8,,
1995,三重,1841.0,,
1995,京都,2630.0,,
1995,佐賀,884.0,,
1995,兵庫,5402.0,,
1995,北海道,5692.0,,
1995,千葉,5798.0,,
1995,和歌山,1080.0,,
1995,埼玉,6759.0,,
1995,大分,1231.0,,
1995,大阪,8797.0,,
1995,奈良,1431.0,,
1995,宮城,2329.0,,
1995,宮崎,1176.0,,
1995,富山,1123.0,,
1995,山口,1556.0,,
1995,山形,1257.0,,
1995,山梨,882.0,,
1995,岐阜,2100.0,,
1995,岡山,1951.0,,
1995,岩手,1420.0,,
1995,島根,771.0,,
1995,広島,2882.0,,
1995,徳島,832.0,,
1995,愛媛,1507.0,,
1995,愛知,6868.0,,
1995,新潟,2488.0,,
1995,東京,11774.0,,
1995,栃木,1984.0,,
1995,沖縄,1273.0,,
1995,滋賀,1287.0,,
1995,熊本,1860.0,,
1995,石川,1180.0,,
1995,神奈川,8246.0,,
1995,福井,827.0,,
1995,福岡,4933.0,,
1995,福島,2134.0,,
1995,秋田,1214.0,,
1995,群馬,2004.0,,
1995,茨城,2956.0,,
1995,長崎,1545.0,,
1995,長野,2194.0,,
1995,青森,1482.0,,
1995,静岡,3738.0,,
1995,香川,1027.0,,
1995,高知,817.0,,
1995,鳥取,615.0,,
1995,鹿児島,1794.0,,
1996,三重,1844.2,,
1996,京都,2632.8,,
1996,佐賀,882.6,,
1996,兵庫,5431.8,,
1996,北海道,5690.2,,
1996,千葉,5823.6,,
1996,和歌山,1078.0,,
1996,埼玉,6794.8,,
1996,大分,1229.0,,
1996,大阪,8798.6,,
1996,奈良,1433.4,,
1996,宮城,2336.2,,
1996,宮崎,1174.8,,
1996,富山,1122.6,,
1996,山口,1550.4,,
1996,山形,1254.4,,
1996,山梨,883.2,,
1996,岐阜,2101.6,,
1996,岡山,1951.0,,
1996,岩手,1419.2,,
1996,島根,769.2,,
1996,広島,2881.4,,
1996,徳島,830.4,,
1996,愛媛,1504.2,,
1996,愛知,6903.0,,
1996,新潟,2485.6,,
1996,東京,11832.0,,
1996,栃木,1988.2,,
1996,沖縄,1282.0,,
1996,滋賀,1298.2,,
1996,熊本,1859.8,,
1996,石川,1180.2,,
1996,神奈川,8294.8,,
1996,福井,827.4,,
1996,福岡,4949.6,,
1996,福島,2132.6,,
1996,秋田,1209.0,,
1996,群馬,2008.2,,
1996,茨城,2962.0,,
1996,長崎,1539.4,,
1996,長野,2198.2,,
1996,青森,1480.8,,
1996,静岡,3743.8,,
1996,香川,1026.2,,
1996,高知,816.4,,
1996,鳥取,614.6,,
1996,鹿児島,1792.4,,
1997,三重,1847.4,,
1997,京都,2635.6,,
1997,佐賀,881.2,,
1997,兵庫,5461.6,,
1997,北海道,5688.4,,
1997,千葉,5849.2,,
1997,和歌山,1076.0,,
1997,埼玉,6830.6,,
1997,大分,1227.0,,
1997,大阪,8800.2,,
1997,奈良,1435.8,,
1997,宮城,2343.4,,
1997,宮崎,1173.6,,
1997,富山,1122.2,,
1997,山口,1544.8,,
1997,山形,1251.8,,
1997,山梨,884.4,,
1997,岐阜,2103.2,,
1997,岡山,1951.0,,
1997,岩手,1418.4,,
1997,島根,767.4,,
1997,広島,2880.8,,
1997,徳島,828.8,,
1997,愛媛,1501.4,,
1997,愛知,6938.0,,
1997,新潟,2483.2,,
1997,東京,11890.0,,
1997,栃木,1992.4,,
1997,沖縄,1291.0,,
1997,滋賀,1309.4,,
1997,熊本,1859.6,,
1997,石川,1180.4,,
1997,神奈川,8343.6,,
1997,福井,827.8,,
1997,福岡,4966.2,,
1997,福島,2131.2,,
1997,秋田,1204.0,,
1997,群馬,2012.4,,
1997,茨城,2968.0,,
1997,長崎,1533.8,,
1997,長野,2202.4,,
1997,青森,1479.6,,
1997,静岡,3749.6,,
1997,香川,1025.4,,
1997,高知,815.8,,
1997,鳥取,614.2,,
1997,鹿児島,1790.8,,
1998,三重,1850.6,,
1998,京都,2638.4,,
1998,佐賀,879.8,,
1998,兵庫,5491.4,,
1998,北海道,5686.6,,
1998,千葉,5874.8,,
1998,和歌山,1074.0,,
1998,埼玉,6866.4,,
1998,大分,1225.0,,
1998,大阪,8801.8,,
1998,奈良,1438.2,,
1998,宮城,2350.6,,
1998,宮崎,1172.4,,
1998,富山,1121.8,,
1998,山口,1539.2,,
1998,山形,1249.2,,
1998,山梨,885.6,,
1998,岐阜,2104.8,,
1998,岡山,1951.0,,
1998,岩手,1417.6,,
1998,島根,765.6,,
1998,広島,2880.2,,
1998,徳島,827.2,,
1998,愛媛,1498.6,,
1998,愛知,6973.0,,
1998,新潟,2480.8,,
1998,東京,11948.0,,
1998,栃木,1996.6,,
1998,沖縄,1300.0,,
1998,滋賀,1320.6,,
1998,熊本,1859.4,,
1998,石川,1180.6,,
1998,神奈川,8392.4,,
1998,福井,828.2,,
1998,福岡,4982.8,,
1998,福島,2129.8,,
1998,秋田,1199.0,,
1998,群馬,2016.6,,
1998,茨城,2974.0,,
1998,長崎,1528.2,,
1998,長野,2206.6,,
1998,青森,1478.4,,
1998,静岡,3755.4,,
1998,香川,1024.6,,
1998,高知,815.2,,
1998,鳥取,613.8,,
1998,鹿児島,1789.2,,
1999,三重,1853.8,,
1999,京都,2641.2,,
1999,佐賀,878.4,,
1999,兵庫,5521.2,,
1999,北海道,5684.8,,
1999,千葉,5900.4,,
1999,和歌山,1072.0,,
1999,埼玉,6902.2,,
1999,大分,1223.0,,
1999,大阪,8803.4,,
1999,奈良,1440.6,,
1999,宮城,2357.8,,
1999,宮崎,1171.2,,
1999,富山,1121.4,,
1999,山口,1533.6,,
1999,山形,1246.6,,
1999,山梨,886.8,,
1999,岐阜,2106.4,,
1999,岡山,1951.0,,
1999,岩手,1416.8,,
1999,島根,763.8,,
1999,広島,2879.6,,
1999,徳島,825.6,,
1999,愛媛,1495.8,,
1999,愛知,7008.0,,
1999,新潟,2478.4,,
1999,東京,12006.0,,
1999,栃木,2000.8,,
1999,沖縄,1309.0,,
1999,滋賀,1331.8,,
1999,熊本,1859.2,,
1999,石川,1180.8,,
1999,神奈川,8441.2,,
1999,福井,828.6,,
1999,福岡,4999.4,,
1999,福島,2128.4,,
1999,秋田,1194.0,,
1999,群馬,2020.8,,
1999,茨城,2980.0,,
1999,長崎,1522.6,,
1999,長野,2210.8,,
1999,青森,1477.2,,
1999,静岡,3761.2,,
1999,香川,1023.8,,
1999,高知,814.6,,
1999,鳥取,613.4,,
1999,鹿児島,1787.6,,
2000,三重,1857.0,,
2000,京都,2644.0,,
2000,佐賀,877.0,,
2000,兵庫,5551.0,,
2000,北海道,5683.0,,
2000,千葉,5926.0,,
2000,和歌山,1070.0,,
2000,埼玉,6938.0,,
2000,大分,1221.0,,
2000,大阪,8805.0,,
2000,奈良,1443.0,,
2000,宮城,2365.0,,
2000,宮崎,1170.0,,
2000,富山,1121.0,,
2000,山口,1528.0,,
2000,山形,1244.0,,
2000,山梨,888.0,,
2000,岐阜,2108.0,,
2000,岡山,1951.0,,
2000,岩手,1416.0,,
2000,島根,762.0,,
2000,広島,2879.0,,
2000,徳島,824.0,,
2000,愛媛,1493.0,,
2000,愛知,7043.0,,
2000,新潟,2476.0,,
2000,東京,12064.0,,
2000,栃木,2005.0,,
2000,沖縄,1318.0,,
2000,滋賀,1343.0,,
2000,熊本,1859.0,,
2000,石川,1181.0,,
2000,神奈川,8490.0,,
2000,福井,829.0,,
2000,福岡,5016.0,,
2000,福島,2127.0,,
2000,秋田,1189.0,,
2000,群馬,2025.0,,
2000,茨城,2986.0,,
2000,長崎,1517.0,,
2000,長野,2215.0,,
2000,青森,1476.0,,
2000,静岡,3767.0,,
2000,香川,1023.0,,
2000,高知,814.0,,
2000,鳥取,613.0,,
2000,鹿児島,1786.0,,
2001,三重,1859.0,,
2001,京都,2644.8,,
2001,佐賀,874.8,,
2001,兵庫,5559.0,,
2001,北海道,5672.0,,
2001,千葉,5952.0,,
2001,和歌山,1063.2,,
2001,埼玉,6961.2,,
2001,大分,1218.8,,
2001,大阪,8807.4,,
2001,奈良,1438.6,,
2001,宮城,2364.0,,
2001,宮崎,1166.6,,
2001,富山,1119.2,,
2001,山口,1521.0,,
2001,山形,1238.4,,
2001,山梨,887.4,,
2001,岐阜,2107.8,,
2001,岡山,1952.2,,
2001,岩手,1409.8,,
2001,島根,758.0,,
2001,広島,2878.6,,
2001,徳島,821.2,,
2001,愛媛,1488.0,,
2001,愛知,7085.4,,
2001,新潟,2467.0,,
2001,東京,12166.6,,
2001,栃木,2007.4,,
2001,沖縄,1326.8,,
2001,滋賀,1350.4,,
2001,熊本,1855.6,,
2001,石川,1179.6,,
2001,神奈川,8550.4,,
2001,福井,827.6,,
2001,福岡,5022.8,,
2001,福島,2119.8,,
2001,秋田,1180.4,,
2001,群馬,2024.8,,
2001,茨城,2983.8,,
2001,長崎,1509.4,,
2001,長野,2211.2,,
2001,青森,1468.2,,
2001,静岡,3772.0,,
2001,香川,1020.8,,
2001,高知,810.4,,
2001,鳥取,611.8,,
2001,鹿児島,1779.4,,
2002,三重,1861.0,,
2002,京都,2645.6,,
2002,佐賀,872.6,,
2002,兵庫,5567.0,,
2002,北海道,5661.0,,
2002,千葉,5978.0,,
2002,和歌山,1056.4,,
2002,埼玉,6984.4,,
2002,大分,1216.6,,
2002,大阪,8809.8,,
2002,奈良,1434.2,,
2002,宮城,2363.0,,
2002,宮崎,1163.2,,
2002,富山,1117.4,,
2002,山口,1514.0,,
2002,山形,1232.8,,
2002,山梨,886.8,,
2002,岐阜,2107.6,,
2002,岡山,1953.4,,
2002,岩手,1403.6,,
2002,島根,754.0,,
2002,広島,2878.2,,
2002,徳島,818.4,,
2002,愛媛,1483.0,,
2002,愛知,7127.8,,
2002,新潟,2458.0,,
2002,東京,12269.2,,
2002,栃木,2009.8,,
2002,沖縄,1335.6,,
2002,滋賀,1357.8,,
2002,熊本,1852.2,,
2002,石川,1178.2,,
2002,神奈川,8610.8,,
2002,福井,826.2,,
2002,福岡,5029.6,,
2002,福島,2112.6,,
2002,秋田,1171.8,,
2002,群馬,2024.6,,
2002,茨城,2981.6,,
2002,長崎,1501.8,,
2002,長野,2207.4,,
2002,青森,1460.4,,
2002,静岡,3777.0,,
2002,香川,1018.6,,
2002,高知,806.8,,
2002,鳥取,610.6,,
2002,鹿児島,1772.8,,
2003,三重,1863.0,,
2003,京都,2646.4,,
2003,佐賀,870.4,,
2003,兵庫,5575.0,,
2003,北海道,5650.0,,
2003,千葉,6004.0,,
2003,和歌山,1049.6,,
2003,埼玉,7007.6,,
2003,大分,1214.4,,
2003,大阪,8812.2,,
2003,奈良,1429.8,,
2003,宮城,2362.0,,
2003,宮崎,1159.8,,
2003,富山,1115.6,,
2003,山口,1507.0,,
2003,山形,1227.2,,
2003,山梨,886.2,,
2003,岐阜,2107.4,,
2003,岡山,1954.6,,
2003,岩手,1397.4,,
2003,島根,750.0,,
2003,広島,2877.8,,
2003,徳島,815.6,,
2003,愛媛,1478.0,,
2003,愛知,7170.2,,
2003,新潟,2449.0,,
2003,東京,12371.8,,
2003,栃木,2012.2,,
2003,沖縄,1344.4,,
2003,滋賀,1365.2,,
2003,熊本,1848.8,,
2003,石川,1176.8,,
2003,神奈川,8671.2,,
2003,福井,824.8,,
2003,福岡,5036.4,,
2003,福島,2105.4,,
2003,秋田,1163.2,,
2003,群馬,2024.4,,
2003,茨城,2979.4,,
2003,長崎,1494.2,,
2003,長野,2203.6,,
2003,青森,1452.6,,
2003,静岡,3782.0,,
2003,香川,1016.4,,
2003,高知,803.2,,
2003,鳥取,609.4,,
2003,鹿児島,1766.2,,
2004,三重,1865.0,,
2004,京都,2647.2,,
2004,佐賀,868.2,,
2004,兵庫,5583.0,,
2004,北海道,5639.0,,
2004,千葉,6030.0,,
2004,和歌山,1042.8,,
2004,埼玉,7030.8,,
2004,大分,1212.2,,
2004,大阪,8814.6,,
2004,奈良,1425.4,,
2004,宮城,2361.0,,
2004,宮崎,1156.4,,
2004,富山,1113.8,,
2004,山口,1500.0,,
2004,山形,1221.6,,
2004,山梨,885.6,,
2004,岐阜,2107.2,,
2004,岡山,1955.8,,
2004,岩手,1391.2,,
2004,島根,746.0,,
2004,広島,2877.4,,
2004,徳島,812.8,,
2004,愛媛,1473.0,,
2004,愛知,7212.6,,
2004,新潟,2440.0,,
2004,東京,12474.4,,
2004,栃木,2014.6,,
2004,沖縄,1353.2,,
2004,滋賀,1372.6,,
2004,熊本,1845.4,,
2004,石川,1175.4,,
2004,神奈川,8731.6,,
2004,福井,823.4,,
2004,福岡,5043.2,,
2004,福島,2098.2,,
2004,秋田,1154.6,,
2004,群馬,2024.2,,
2004,茨城,2977.2,,
2004,長崎,1486.6,,
2004,長野,2199.8,,
2004,青森,1444.8,,
2004,静岡,3787.0,,
2004,香川,1014.2,,
2004,高知,799.6,,
2004,鳥取,608.2,,
2004,鹿児島,1759.6,,
2005,三重,1867.0,,
2005,京都,2648.0,,
2005,佐賀,866.0,,
2005,兵庫,5591.0,,
2005,北海道,5628.0,,
2005,千葉,6056.0,,
2005,和歌山,1036.0,,
2005,埼玉,7054.0,,
2005,大分,1210.0,,
2005,大阪,8817.0,,
2005,奈良,1421.0,,
2005,宮城,2360.0,,
2005,宮崎,1153.0,,
2005,富山,1112.0,,
2005,山口,1493.0,,
2005,山形,1216.0,,
2005,山梨,885.0,,
2005,岐阜,2107.0,,
2005,岡山,1957.0,,
2005,岩手,1385.0,,
2005,島根,742.0,,
2005,広島,2877.0,,
2005,徳島,810.0,,
2005,愛媛,1468.0,,
2005,愛知,7255.0,,
2005,新潟,2431.0,,
2005,東京,12577.0,,
2005,栃木,2017.0,,
2005,沖縄,1362.0,,
2005,滋賀,1380.0,,
2005,熊本,1842.0,,
2005,石川,1174.0,,
2005,神奈川,8792.0,,
2005,福井,822.0,,
2005,福岡,5050.0,,
2005,福島,2091.0,,
2005,秋田,1146.0,,
2005,群馬,2024.0,,
2005,茨城,2975.0,,
2005,長崎,1479.0,,
2005,長野,2196.0,,
2005,青森,1437.0,,
2005,静岡,3792.0,,
2005,香川,1012.0,,
2005,高知,796.0,,
2005,鳥取,607.0,,
2005,鹿児島,1753.0,,
2006,三重,1864.6,,
2006,京都,2645.6,,
2006,佐賀,862.8,,
2006,兵庫,5590.4,,
2006,北海道,5603.6,,
2006,千葉,6088.0,,
2006,和歌山,1029.2,,
2006,埼玉,7082.2,,
2006,大分,1207.4,,
2006,大阪,8826.6,,
2006,奈良,1417.0,,
2006,宮城,2357.6,,
2006,宮崎,1149.4,,
2006,富山,1108.2,,
2006,山口,1484.6,,
2006,山形,1206.6,,
2006,山梨,880.6,,
2006,岐阜,2101.8,,
2006,岡山,1954.6,,
2006,岩手,1374.0,,
2006,島根,737.0,,
2006,広島,2873.8,,
2006,徳島,805.0,,
2006,愛媛,1460.6,,
2006,愛知,7286.2,,
2006,新潟,2419.6,,
2006,東京,12693.4,,
2006,栃木,2015.2,,
2006,沖縄,1368.2,,
2006,滋賀,1386.2,,
2006,熊本,1837.0,,
2006,石川,1173.2,,
2006,神奈川,8843.2,,
2006,福井,818.8,,
2006,福岡,5054.4,,
2006,福島,2078.6,,
2006,秋田,1134.0,,
2006,群馬,2020.8,,
2006,茨城,2974.0,,
2006,長崎,1468.6,,
2006,長野,2187.2,,
2006,青森,1424.2,,
2006,静岡,3786.6,,
2006,香川,1008.8,,
2006,高知,789.6,,
2006,鳥取,603.4,,
2006,鹿児島,1743.6,,
2007,三重,1862.2,,
2007,京都,2643.2,,
2007,佐賀,859.6,,
2007,兵庫,5589.8,,
2007,北海道,5579.2,,
2007,千葉,6120.0,,
2007,和歌山,1022.4,,
2007,埼玉,7110.4,,
2007,大分,1204.8,,
2007,大阪,8836.2,,
2007,奈良,1413.0,,
2007,宮城,2355.2,,
2007,宮崎,1145.8,,
2007,富山,1104.4,,
2007,山口,1476.2,,
2007,山形,1197.2,,
2007,山梨,876.2,,
2007,岐阜,2096.6,,
2007,岡山,1952.2,,
2007,岩手,1363.0,,
2007,島根,732.0,,
2007,広島,2870.6,,
2007,徳島,800.0,,
2007,愛媛,1453.2,,
2007,愛知,7317.4,,
2007,新潟,2408.2,,
2007,東京,12809.8,,
2007,栃木,2013.4,,
2007,沖縄,1374.4,,
2007,滋賀,1392.4,,
2007,熊本,1832.0,,
2007,石川,1172.4,,
2007,神奈川,8894.4,,
2007,福井,815.6,,
2007,福岡,5058.8,,
2007,福島,2066.2,,
2007,秋田,1122.0,,
2007,群馬,2017.6,,
2007,茨城,2973.0,,
2007,長崎,1458.2,,
2007,長野,2178.4,,
2007,青森,1411.4,,
2007,静岡,3781.2,,
2007,香川,1005.6,,
2007,高知,783.2,,
2007,鳥取,599.8,,
2007,鹿児島,1734.2,,
2008,三重,1859.8,,
2008,京都,2640.8,,
2008,佐賀,856.4,,
2008,兵庫,5589.2,,
2008,北海道,5554.8,,
2008,千葉,6152.0,,
2008,和歌山,1015.6,,
2008,埼玉,7138.6,,
2008,大分,1202.2,,
2008,大阪,8845.8,,
2008,奈良,1409.0,,
2008,宮城,2352.8,,
2008,宮崎,1142.2,,
2008,富山,1100.6,,
2008,山口,1467.8,,
2008,山形,1187.8,,
2008,山梨,871.8,,
2008,岐阜,2091.4,,
2008,岡山,1949.8,,
2008,岩手,1352.0,,
2008,島根,727.0,,
2008,広島,2867.4,,
2008,徳島,795.0,,
2008,愛媛,1445.8,,
2008,愛知,7348.6,,
2008,新潟,2396.8,,
2008,東京,12926.2,,
2008,栃木,2011.6,,
2008,沖縄,1380.6,,
2008,滋賀,1398.6,,
2008,熊本,1827.0,,
2008,石川,1171.6,,
2008,神奈川,8945.6,,
2008,福井,812.4,,
2008,福岡,5063.2,,
2008,福島,2053.8,,
2008,秋田,1110.0,,
2008,群馬,2014.4,,
2008,茨城,2972.0,,
2008,長崎,1447.8,,
2008,長野,2169.6,,
2008,青森,1398.6,,
2008,静岡,3775.8,,
2008,香川,1002.4,,
2008,高知,776.8,,
2008,鳥取,596.2,,
2008,鹿児島,1724.8,,
2009,三重,1857.4,,
2009,京都,2638.4,,
2009,佐賀,853.2,,
2009,兵庫,5588.6,,
2009,北海道,5530.4,,
2009,千葉,6184.0,,
2009,和歌山,1008.8,,
2009,埼玉,7166.8,,
2009,大分,1199.6,,
2009,大阪,8855.4,,
2009,奈良,1405.0,,
2009,宮城,2350.4,,
2009,宮崎,1138.6,,
2009,富山,1096.8,,
2009,山口,1459.4,,
2009,山形,1178.4,,
2009,山梨,867.4,,
2009,岐阜,2086.2,,
2009,岡山,1947.4,,
2009,岩手,1341.0,,
2009,島根,722.0,,
2009,広島,2864.2,,
2009,徳島,790.0,,
2009,愛媛,1438.4,,
2009,愛知,7379.8,,
2009,新潟,2385.4,,
2009,東京,13042.6,,
2009,栃木,2009.8,,
2009,沖縄,1386.8,,
2009,滋賀,1404.8,,
2009,熊本,1822.0,,
2009,石川,1170.8,,
2009,神奈川,8996.8,,
2009,福井,809.2,,
2009,福岡,5067.6,,
2009,福島,2041.4,,
2009,秋田,1098.0,,
2009,群馬,2011.2,,
2009,茨城,2971.0,,
2009,長崎,1437.4,,
2009,長野,2160.8,,
2009,青森,1385.8,,
2009,静岡,3770.4,,
2009,香川,999.2,,
2009,高知,770.4,,
2009,鳥取,592.6,,
2009,鹿児島,1715.4,,
2010,三重,1855.0,,
2010,京都,2636.0,,
2010,佐賀,850.0,,
2010,兵庫,5588.0,,
2010,北海道,5506.0,,
2010,千葉,6216.0,,
2010,和歌山,1002.0,,
2010,埼玉,7195.0,,
2010,大分,1197.0,,
2010,大阪,8865.0,,
2010,奈良,1401.0,,
2010,宮城,2348.0,,
2010,宮崎,1135.0,,
2010,富山,1093.0,,
2010,山口,1451.0,,
2010,山形,1169.0,,
2010,山梨,863.0,,
2010,岐阜,2081.0,,
2010,岡山,1945.0,,
2010,岩手,1330.0,,
2010,島根,717.0,,
2010,広島,2861.0,,
2010,徳島,785.0,,
2010,愛媛,1431.0,,
2010,愛知,7411.0,,
2010,新潟,2374.0,,
2010,東京,13159.0,,
2010,栃木,2008.0,,
2010,沖縄,1393.0,,
2010,滋賀,1411.0,,
2010,熊本,1817.0,,
2010,石川,1170.0,,
2010,神奈川,9048.0,,
2010,福井,806.0,,
2010,福岡,5072.0,,
2010,福島,2029.0,,
2010,秋田,1086.0,,
2010,群馬,2008.0,,
2010,茨城,2970.0,,
2010,長崎,1427.0,,
2010,長野,2152.0,,
2010,青森,1373.0,,
2010,静岡,3765.0,,
2010,香川,996.0,,
2010,高知,764.0,,
2010,鳥取,589.0,,
2010,鹿児島,1706.0,,
2011,三重,1847.2,,
2011,京都,2630.8,,
2011,佐賀,846.6,,
2011,兵庫,5577.4,,
2011,北海道,5481.2,,
2011,千葉,6217.4,,
2011,和歌山,994.4,,
2011,埼玉,7209.4,,
2011,大分,1190.8,,
2011,大阪,8859.8,,
2011,奈良,1393.6,,
2011,宮城,2345.2,,
2011,宮崎,1128.8,,
2011,富山,1087.6,,
2011,山口,1441.8,,
2011,山形,1160.0,,
2011,山梨,857.4,,
2011,岐阜,2071.2,,
2011,岡山,1940.4,,
2011,岩手,1320.0,,
2011,島根,712.4,,
2011,広島,2857.6,,
2011,徳島,779.2,,
2011,愛媛,1421.8,,
2011,愛知,7425.4,,
2011,新潟,2360.0,,
2011,東京,13230.2,,
2011,栃木,2001.2,,
2011,沖縄,1401.2,,
2011,滋賀,1411.4,,
2011,熊本,1810.8,,
2011,石川,1166.8,,
2011,神奈川,9063.6,,
2011,福井,802.2,,
2011,福岡,5078.0,,
2011,福島,2006.0,,
2011,秋田,1073.4,,
2011,群馬,2001.0,,
2011,茨城,2959.4,,
2011,長崎,1417.0,,
2011,長野,2141.4,,
2011,青森,1360.0,,
2011,静岡,3752.0,,
2011,香川,992.0,,
2011,高知,756.8,,
2011,鳥取,585.8,,
2011,鹿児島,1694.4,,
2012,三重,1839.4,,
2012,京都,2625.6,,
2012,佐賀,843.2,,
2012,兵庫,5566.8,,
2012,北海道,5456.4,,
2012,千葉,6218.8,,
2012,和歌山,986.8,,
2012,埼玉,7223.8,,
2012,大分,1184.6,,
2012,大阪,8854.6,,
2012,奈良,1386.2,,
2012,宮城,2342.4,,
2012,宮崎,1122.6,,
2012,富山,1082.2,,
2012,山口,1432.6,,
2012,山形,1151.0,,
2012,山梨,851.8,,
2012,岐阜,2061.4,,
2012,岡山,1935.8,,
2012,岩手,1310.0,,
2012,島根,707.8,,
2012,広島,2854.2,,
2012,徳島,773.4,,
2012,愛媛,1412.6,,
2012,愛知,7439.8,,
2012,新潟,2346.0,,
2012,東京,13301.4,,
2012,栃木,1994.4,,
2012,沖縄,1409.4,,
2012,滋賀,1411.8,,
2012,熊本,1804.6,,
2012,石川,1163.6,,
2012,神奈川,9079.2,,
2012,福井,798.4,,
2012,福岡,5084.0,,
2012,福島,1983.0,,
2012,秋田,1060.8,,
2012,群馬,1994.0,,
2012,茨城,2948.8,,
2012,長崎,1407.0,,
2012,長野,2130.8,,
2012,青森,1347.0,,
2012,静岡,3739.0,,
2012,香川,988.0,,
2012,高知,749.6,,
2012,鳥取,582.6,,
2012,鹿児島,1682.8,,
2013,三重,1831.6,,
2013,京都,2620.4,,
2013,佐賀,839.8,,
2013,兵庫,5556.2,,
2013,北海道,5431.6,,
2013,千葉,6220.2,,
2013,和歌山,979.2,,
2013,埼玉,7238.2,,
2013,大分,1178.4,,
2013,大阪,8849.4,,
2013,奈良,1378.8,,
2013,宮城,2339.6,,
2013,宮崎,1116.4,,
2013,富山,1076.8,,
2013,山口,1423.4,,
2013,山形,1142.0,,
2013,山梨,846.2,,
2013,岐阜,2051.6,,
2013,岡山,1931.2,,
2013,岩手,1300.0,,
2013,島根,703.2,,
2013,広島,2850.8,,
2013,徳島,767.6,,
2013,愛媛,1403.4,,
2013,愛知,7454.2,,
2013,新潟,2332.0,,
2013,東京,13372.6,,
2013,栃木,1987.6,,
2013,沖縄,1417.6,,
2013,滋賀,1412.2,,
2013,熊本,1798.4,,
2013,石川,1160.4,,
2013,神奈川,9094.8,,
2013,福井,794.6,,
2013,福岡,5090.0,,
2013,福島,1960.0,,
2013,秋田,1048.2,,
2013,群馬,1987.0,,
2013,茨城,2938.2,,
2013,長崎,1397.0,,
2013,長野,2120.2,,
2013,青森,1334.0,,
2013,静岡,3726.0,,
2013,香川,984.0,,
2013,高知,742.4,,
2013,鳥取,579.4,,
2013,鹿児島,1671.2,,
2014,三重,1823.8,,
2014,京都,2615.2,,
2014,佐賀,836.4,,
2014,兵庫,5545.6,,
2014,北海道,5406.8,,
2014,千葉,6221.6,,
2014,和歌山,971.6,,
2014,埼玉,7252.6,,
2014,大分,1172.2,,
2014,大阪,8844.2,,
2014,奈良,1371.4,,
2014,宮城,2336.8,,
2014,宮崎,1110.2,,
2014,富山,1071.4,,
2014,山口,1414.2,,
2014,山形,1133.0,,
2014,山梨,840.6,,
2014,岐阜,2041.8,,
2014,岡山,1926.6,,
2014,岩手,1290.0,,
2014,島根,698.6,,
2014,広島,2847.4,,
2014,徳島,761.8,,
2014,愛媛,1394.2,,
2014,愛知,7468.6,,
2014,新潟,2318.0,,
2014,東京,13443.8,,
2014,栃木,1980.8,,
2014,沖縄,1425.8,,
2014,滋賀,1412.6,,
2014,熊本,1792.2,,
2014,石川,1157.2,,
2014,神奈川,9110.4,,
2014,福井,790.8,,
2014,福岡,5096.0,,
2014,福島,1937.0,,
2014,秋田,1035.6,,
2014,群馬,1980.0,,
2014,茨城,2927.6,,
2014,長崎,1387.0,,
2014,長野,2109.6,,
2014,青森,1321.0,,
2014,静岡,3713.0,,
2014,香川,980.0,,
2014,高知,735.2,,
2014,鳥取,576.2,,
2014,鹿児島,1659.6,,
2015,三重,1816.0,,
2015,京都,2610.0,,
2015,佐賀,833.0,,
2015,兵庫,5535.0,,
2015,北海道,5382.0,,
2015,千葉,6223.0,,
2015,和歌山,964.0,,
2015,埼玉,7267.0,,
2015,大分,1166.0,,
2015,大阪,8839.0,,
2015,奈良,1364.0,,
2015,宮城,2334.0,,
2015,宮崎,1104.0,,
2015,富山,1066.0,,
2015,山口,1405.0,,
2015,山形,1124.0,,
2015,山梨,835.0,,
2015,岐阜,2032.0,,
2015,岡山,1922.0,,
2015,岩手,1280.0,,
2015,島根,694.0,,
2015,広島,2844.0,,
2015,徳島,756.0,,
2015,愛媛,1385.0,,
2015,愛知,7483.0,,
2015,新潟,2304.0,,
2015,東京,13515.0,,
2015,栃木,1974.0,,
2015,沖縄,1434.0,,
2015,滋賀,1413.0,,
2015,熊本,1786.0,,
2015,石川,1154.0,,
2015,神奈川,9126.0,,
2015,福井,787.0,,
2015,福岡,5102.0,,
2015,福島,1914.0,,
2015,秋田,1023.0,,
2015,群馬,1973.0,,
2015,茨城,2917.0,,
2015,長崎,1377.0,,
2015,長野,2099.0,,
2015,青森,1308.0,,
2015,静岡,3700.0,,
2015,香川,976.0,,
2015,高知,728.0,,
2015,鳥取,573.0,,
2015,鹿児島,1648.0,,
2016,三重,1806.0,,
2016,京都,2601.8333333333335,,
2016,佐賀,828.5,,
2016,兵庫,5517.833333333333,,
2016,北海道,5348.833333333333,,
2016,千葉,6231.666666666667,,
2016,和歌山,955.6666666666666,,
2016,埼玉,7279.166666666667,,
2016,大分,1157.3333333333333,,
2016,大阪,8833.5,,
2016,奈良,1355.8333333333333,,
2016,宮城,2326.6666666666665,,
2016,宮崎,1096.8333333333333,,
2016,富山,1059.1666666666667,,
2016,山口,1392.1666666666667,,
2016,山形,1112.5,,
2016,山梨,830.0,,
2016,岐阜,2020.1666666666667,,
2016,岡山,1914.3333333333333,,
2016,岩手,1266.0,,
2016,島根,689.1666666666666,,
2016,広島,2833.3333333333335,,
2016,徳島,748.6666666666666,,
2016,愛媛,1374.3333333333333,,
2016,愛知,7488.666666666667,,
2016,新潟,2282.8333333333335,,
2016,東京,13597.5,,
2016,栃木,1965.1666666666667,,
2016,沖縄,1439.6666666666667,,
2016,滋賀,1412.6666666666667,,
2016,熊本,1776.3333333333333,,
2016,石川,1149.1666666666667,,
2016,神奈川,9144.333333333334,,
2016,福井,782.5,,
2016,福岡,5105.666666666667,,
2016,福島,1897.0,,
2016,秋田,1010.0,,
2016,群馬,1965.3333333333333,,
2016,茨城,2906.1666666666665,,
2016,長崎,1363.6666666666667,,
2016,長野,2088.0,,
2016,青森,1293.5,,
2016,静岡,3684.6666666666665,,
2016,香川,970.3333333333334,,
2016,高知,720.6666666666666,,
2016,鳥取,569.0,,
2016,鹿児島,1636.0,,
2017,三重,1796.0,,
2017,京都,2593.6666666666665,,
2017,佐賀,824.0,,
2017,兵庫,5500.666666666667,,
2017,北海道,5315.666666666667,,
2017,千葉,6240.333333333333,,
2017,和歌山,947.3333333333334,,
2017,埼玉,7291.333333333333,,
2017,大分,1148.6666666666667,,
2017,大阪,8828.0,,
2017,奈良,1347.6666666666667,,
2017,宮城,2319.3333333333335,,
2017,宮崎,1089.6666666666667,,
2017,富山,1052.3333333333333,,
2017,山口,1379.3333333333333,,
2017,山形,1101.0,,
2017,山梨,825.0,,
2017,岐阜,2008.3333333333333,,
2017,岡山,1906.6666666666667,,
2017,岩手,1252.0,,
2017,島根,684.3333333333334,,
2017,広島,2822.6666666666665,,
2017,徳島,741.3333333333334,,
2017,愛媛,1363.6666666666667,,
2017,愛知,7494.333333333333,,
2017,新潟,2261.6666666666665,,
2017,東京,13680.0,,
2017,栃木,1956.3333333333333,,
2017,沖縄,1445.3333333333333,,
2017,滋賀,1412.3333333333333,,
2017,熊本,1766.6666666666667,,
2017,石川,1144.3333333333333,,
2017,神奈川,9162.666666666666,,
2017,福井,778.0,,
2017,福岡,5109.333333333333,,
2017,福島,1880.0,,
2017,秋田,997.0,,
2017,群馬,1957.6666666666667,,
2017,茨城,2895.3333333333335,,
2017,長崎,1350.3333333333333,,
2017,長野,2077.0,,
2017,青森,1279.0,,
2017,静岡,3669.3333333333335,,
2017,香川,964.6666666666666,,
2017,高知,713.3333333333334,,
2017,鳥取,565.0,,
2017,鹿児島,1624.0,,
2018,三重,1786.0,,
2018,京都,2585.5,,
2018,佐賀,819.5,,
2018,兵庫,5483.5,,
2018,北海道,5282.5,,
2018,千葉,6249.0,,
2018,和歌山,939.0,,
2018,埼玉,7303.5,,
2018,大分,1140.0,,
2018,大阪,8822.5,,
2018,奈良,1339.5,,
2018,宮城,2312.0,,
2018,宮崎,1082.5,,
2018,富山,1045.5,,
2018,山口,1366.5,,
2018,山形,1089.5,,
2018,山梨,820.0,,
2018,岐阜,1996.5,,
2018,岡山,1899.0,,
2018,岩手,1238.0,,
2018,島根,679.5,,
2018,広島,2812.0,,
2018,徳島,734.0,,
2018,愛媛,1353.0,,
2018,愛知,7500.0,,
2018,新潟,2240.5,,
2018,東京,13762.5,,
2018,栃木,1947.5,,
2018,沖縄,1451.0,,
2018,滋賀,1412.0,,
2018,熊本,1757.0,,
2018,石川,1139.5,,
2018,神奈川,9181.0,,
2018,福井,773.5,,
2018,福岡,5113.0,,
2018,福島,1863.0,,
2018,秋田,984.0,,
2018,群馬,1950.0,,
2018,茨城,2884.5,,
2018,長崎,1337.0,,
2018,長野,2066.0,,
2018,青森,1264.5,,
2018,静岡,3654.0,,
2018,香川,959.0,,
2018,高知,706.0,,
2018,鳥取,561.0,,
2018,鹿児島,1612.0,,
2019,三重,1776.0,,
2019,京都,2577.3333333333335,,
2019,佐賀,815.0,,
2019,兵庫,5466.333333333333,,
2019,北海道,5249.333333333333,,
2019,千葉,6257.666666666667,,
2019,和歌山,930.6666666666666,,
2019,埼玉,7315.666666666667,,
2019,大分,1131.3333333333333,,
2019,大阪,8817.0,,
2019,奈良,1331.3333333333333,,
2019,宮城,2304.6666666666665,,
2019,宮崎,1075.3333333333333,,
2019,富山,1038.6666666666667,,
2019,山口,1353.6666666666667,,
2019,山形,1078.0,,
2019,山梨,815.0,,
2019,岐阜,1984.6666666666667,,
2019,岡山,1891.3333333333333,,
2019,岩手,1224.0,,
2019,島根,674.6666666666666,,
2019,広島,2801.3333333333335,,
2019,徳島,726.6666666666666,,
2019,愛媛,1342.3333333333333,,
2019,愛知,7505.666666666667,,
2019,新潟,2219.3333333333335,,
2019,東京,13845.0,,
2019,栃木,1938.6666666666667,,
2019,沖縄,1456.6666666666667,,
2019,滋賀,1411.6666666666667,,
2019,熊本,1747.3333333333333,,
2019,石川,1134.6666666666667,,
2019,神奈川,9199.333333333334,,
2019,福井,769.0,,
2019,福岡,5116.666666666667,,
2019,福島,1846.0,,
2019,秋田,971.0,,
2019,群馬,1942.3333333333333,,
2019,茨城,2873.6666666666665,,
2019,長崎,1323.6666666666667,,
2019,長野,2055.0,,
2019,青森,1250.0,,
2019,静岡,3638.6666666666665,,
2019,香川,953.3333333333334,,
2019,高知,698.6666666666666,,
2019,鳥取,557.0,,
2019,鹿児島,1600.0,,
2020,三重,1766.0,211.0,1559.0
2020,京都,2569.1666666666665,293.0,2285.0
2020,佐賀,810.5,108.0,703.0
2020,兵庫,5449.166666666667,660.0,4805.0
2020,北海道,5216.166666666667,556.0,4669.0
2020,千葉,6266.333333333333,734.0,5550.0
2020,和歌山,922.3333333333334,105.0,818.0
2020,埼玉,7327.833333333333,858.0,6487.0
2020,大分,1122.6666666666667,135.0,989.0
2020,大阪,8811.5,1029.0,7809.0
2020,奈良,1323.1666666666667,154.0,1170.0
2020,宮城,2297.3333333333335,268.0,2034.0
2020,宮崎,1068.1666666666667,140.0,930.0
2020,富山,1031.8333333333333,115.0,920.0
2020,山口,1340.8333333333333,154.0,1188.0
2020,山形,1066.5,120.0,948.0
2020,山梨,810.0,92.0,718.0
2020,岐阜,1972.8333333333333,241.0,1738.0
2020,岡山,1883.6666666666667,229.0,1659.0
2020,岩手,1210.0,132.0,1079.0
2020,島根,669.8333333333334,82.0,589.0
2020,広島,2790.6666666666665,353.0,2447.0
2020,徳島,719.3333333333334,77.0,643.0
2020,愛媛,1331.6666666666667,154.0,1181.0
2020,愛知,7511.333333333333,974.0,6568.0
2020,新潟,2198.1666666666665,247.0,1954.0
2020,東京,13927.5,1567.0,12481.0
2020,栃木,1929.8333333333333,228.0,1705.0
2020,沖縄,1462.3333333333333,243.0,1224.0
2020,滋賀,1411.3333333333333,191.0,1223.0
2020,熊本,1737.6666666666667,228.0,1510.0
2020,石川,1129.8333333333333,137.0,996.0
2020,神奈川,9217.666666666666,1086.0,8151.0
2020,福井,764.5,96.0,671.0
2020,福岡,5120.333333333333,662.0,4473.0
2020,福島,1829.0,206.0,1627.0
2020,秋田,958.0,93.0,867.0
2020,群馬,1934.6666666666667,224.0,1715.0
2020,茨城,2862.8333333333335,334.0,2533.0
2020,長崎,1310.3333333333333,164.0,1148.0
2020,長野,2044.0,243.0,1805.0
2020,青森,1235.5,129.0,1109.0
2020,静岡,3623.3333333333335,439.0,3194.0
2020,香川,947.6666666666666,114.0,836.0
2020,高知,691.3333333333334,75.0,617.0
2020,鳥取,553.0,68.0,485.0
2020,鹿児島,1588.0,205.0,1383.0
2021,三重,1756.0,209.0,1547.0
2021,京都,2561.0,289.0,2272.0
2021,佐賀,806.0,108.0,698.0
2021,兵庫,5432.0,655.0,4777.0
2021,北海道,5183.0,544.0,4639.0
2021,千葉,6275.0,727.0,5548.0
2021,和歌山,914.0,104.0,810.0
2021,埼玉,7340.0,860.0,6480.0
2021,大分,1114.0,134.0,980.0
2021,大阪,8806.0,1018.0,7788.0
2021,奈良,1315.0,152.0,1163.0
2021,宮城,2290.0,264.0,2026.0
2021,宮崎,1061.0,138.0,923.0
2021,富山,1025.0,114.0,911.0
2021,山口,1328.0,151.0,1177.0
2021,山形,1055.0,117.0,938.0
2021,山梨,805.0,91.0,714.0
2021,岐阜,1961.0,237.0,1724.0
2021,岡山,1876.0,230.0,1646.0
2021,岩手,1196.0,129.0,1067.0
2021,島根,665.0,81.0,584.0
2021,広島,2780.0,347.0,2433.0
2021,徳島,712.0,77.0,635.0
2021,愛媛,1321.0,151.0,1170.0
2021,愛知,7517.0,966.0,6551.0
2021,新潟,2177.0,242.0,1935.0
2021,東京,14010.0,1553.0,12457.0
2021,栃木,1921.0,223.0,1698.0
2021,沖縄,1468.0,242.0,1226.0
2021,滋賀,1411.0,189.0,1222.0
2021,熊本,1728.0,227.0,1501.0
2021,石川,1125.0,135.0,990.0
2021,神奈川,9236.0,1071.0,8165.0
2021,福井,760.0,94.0,666.0
2021,福岡,5124.0,661.0,4463.0
2021,福島,1812.0,202.0,1610.0
2021,秋田,945.0,90.0,855.0
2021,群馬,1927.0,221.0,1706.0
2021,茨城,2852.0,328.0,2524.0
2021,長崎,1297.0,161.0,1136.0
2021,長野,2033.0,240.0,1793.0
2021,青森,1221.0,127.0,1094.0
2021,静岡,3608.0,429.0,3179.0
2021,香川,942.0,113.0,829.0
2021,高知,684.0,74.0,610.0
2021,鳥取,549.0,67.0,482.0
2021,鹿児島,1576.0,205.0,1371.0
2022,三重,1742.0,204.0,1539.0
2022,京都,2550.0,282.0,2267.0
2022,佐賀,801.0,105.0,695.0
2022,兵庫,5402.0,644.0,4759.0
2022,北海道,5140.0,530.0,4610.0
2022,千葉,6266.0,717.0,5549.0
2022,和歌山,903.0,101.0,802.0
2022,埼玉,7337.0,847.0,6490.0
2022,大分,1107.0,131.0,976.0
2022,大阪,8782.0,1002.0,7781.0
2022,奈良,1306.0,148.0,1158.0
2022,宮城,2280.0,258.0,2022.0
2022,宮崎,1052.0,136.0,917.0
2022,富山,1017.0,111.0,905.0
2022,山口,1313.0,147.0,1166.0
2022,山形,1041.0,113.0,928.0
2022,山梨,802.0,89.0,712.0
2022,岐阜,1946.0,231.0,1715.0
2022,岡山,1862.0,225.0,1637.0
2022,岩手,1181.0,125.0,1056.0
2022,島根,658.0,79.0,579.0
2022,広島,2760.0,340.0,2420.0
2022,徳島,704.0,75.0,628.0
2022,愛媛,1306.0,147.0,1159.0
2022,愛知,7495.0,948.0,6548.0
2022,新潟,2153.0,235.0,1917.0
2022,東京,14038.0,1535.0,12503.0
2022,栃木,1909.0,217.0,1693.0
2022,沖縄,1468.0,240.0,1228.0
2022,滋賀,1409.0,186.0,1223.0
2022,熊本,1718.0,223.0,1495.0
2022,石川,1118.0,132.0,986.0
2022,神奈川,9232.0,1053.0,8180.0
2022,福井,753.0,92.0,661.0
2022,福岡,5116.0,654.0,4462.0
2022,福島,1790.0,197.0,1593.0
2022,秋田,930.0,86.0,843.0
2022,群馬,1913.0,216.0,1697.0
2022,茨城,2840.0,321.0,2519.0
2022,長崎,1283.0,158.0,1125.0
2022,長野,2020.0,235.0,1786.0
2022,青森,1204.0,123.0,1082.0
2022,静岡,3582.0,417.0,3165.0
2022,香川,934.0,110.0,824.0
2022,高知,676.0,72.0,604.0
2022,鳥取,544.0,66.0,478.0
2022,鹿児島,1563.0,201.0,1361.0
2023,三重,1727.0,198.0,1528.0
2023,京都,2535.0,275.0,2260.0
2023,佐賀,795.0,103.0,692.0
2023,兵庫,5370.0,629.0,4741.0
2023,北海道,5092.0,514.0,4578.0
2023,千葉,6257.0,703.0,5554.0
2023,和歌山,892.0,99.0,793.0
2023,埼玉,7331.0,831.0,6501.0
2023,大分,1096.0,127.0,969.0
2023,大阪,8763.0,984.0,7779.0
2023,奈良,1296.0,145.0,1151.0
2023,宮城,2264.0,250.0,2014.0
2023,宮崎,1042.0,133.0,910.0
2023,富山,1007.0,108.0,899.0
2023,山口,1298.0,143.0,1155.0
2023,山形,1026.0,109.0,917.0
2023,山梨,796.0,87.0,709.0
2023,岐阜,1931.0,224.0,1707.0
2023,岡山,1847.0,220.0,1627.0
2023,岩手,1163.0,120.0,1043.0
2023,島根,650.0,77.0,573.0
2023,広島,2738.0,331.0,2407.0
2023,徳島,695.0,74.0,622.0
2023,愛媛,1291.0,143.0,1148.0
2023,愛知,7477.0,927.0,6550.0
2023,新潟,2126.0,228.0,1899.0
2023,東京,14086.0,1513.0,12573.0
2023,栃木,1897.0,210.0,1687.0
2023,沖縄,1468.0,236.0,1232.0
2023,滋賀,1407.0,182.0,1224.0
2023,熊本,1709.0,219.0,1490.0
2023,石川,1109.0,128.0,981.0
2023,神奈川,9229.0,1031.0,8198.0
2023,福井,744.0,89.0,656.0
2023,福岡,5103.0,644.0,4459.0
2023,福島,1767.0,190.0,1576.0
2023,秋田,914.0,83.0,831.0
2023,群馬,1902.0,210.0,1692.0
2023,茨城,2825.0,312.0,2512.0
2023,長崎,1267.0,153.0,1114.0
2023,長野,2004.0,228.0,1775.0
2023,青森,1184.0,118.0,1066.0
2023,静岡,3555.0,404.0,3151.0
2023,香川,926.0,107.0,818.0
2023,高知,666.0,70.0,597.0
2023,鳥取,537.0,65.0,473.0
2023,鹿児島,1549.0,197.0,1352.0
2024,三重,1711.0,192.0,1519.0
2024,京都,2520.0,266.0,2254.0
2024,佐賀,788.0,100.0,688.0
2024,兵庫,5337.0,614.0,4723.0
2024,北海道,5043.0,497.0,4545.0
2024,千葉,6251.0,688.0,5563.0
2024,和歌山,880.0,96.0,784.0
2024,埼玉,7332.0,814.0,6518.0
2024,大分,1085.0,124.0,962.0
2024,大阪,8757.0,968.0,7789.0
2024,奈良,1285.0,142.0,1143.0
2024,宮城,2248.0,243.0,2005.0
2024,宮崎,1033.0,129.0,904.0
2024,富山,997.0,105.0,892.0
2024,山口,1281.0,138.0,1143.0
2024,山形,1011.0,105.0,906.0
2024,山梨,791.0,85.0,706.0
2024,岐阜,1916.0,217.0,1698.0
2024,岡山,1831.0,215.0,1616.0
2024,岩手,1145.0,115.0,1029.0
2024,島根,642.0,75.0,567.0
2024,広島,2714.0,321.0,2393.0
2024,徳島,685.0,71.0,614.0
2024,愛媛,1276.0,138.0,1137.0
2024,愛知,7460.0,906.0,6554.0
2024,新潟,2099.0,220.0,1879.0
2024,東京,14178.0,1494.0,12684.0
2024,栃木,1885.0,203.0,1681.0
2024,沖縄,1466.0,231.0,1235.0
2024,滋賀,1402.0,179.0,1223.0
2024,熊本,1697.0,214.0,1484.0
2024,石川,1098.0,124.0,973.0
2024,神奈川,9225.0,1008.0,8217.0
2024,福井,739.0,86.0,652.0
2024,福岡,5092.0,632.0,4460.0
2024,福島,1743.0,184.0,1559.0
2024,秋田,897.0,79.0,817.0
2024,群馬,1890.0,203.0,1686.0
2024,茨城,2806.0,303.0,2503.0
2024,長崎,1252.0,149.0,1103.0
2024,長野,1987.0,222.0,1765.0
2024,青森,1165.0,114.0,1050.0
2024,静岡,3527.0,391.0,3136.0
2024,香川,917.0,104.0,813.0
2024,高知,656.0,67.0,588.0
2024,鳥取,531.0,63.0,468.0
2024,鹿児島,1532.0,191.0,1341.0
