year,prefecture,sales_quantity_kl
1963,北海道,67006.0
1964,北海道,72724.0
1965,北海道,69747.0
1966,北海道,78019.0
1967,北海道,75147.0
1968,北海道,76037.0
1969,北海道,78376.0
1970,北海道,76590.0
1971,北海道,73529.0
1972,北海道,74275.0
1973,北海道,73945.0
1974,北海道,72786.0
1975,北海道,70327.0
1976,北海道,62592.0
1977,北海道,59867.0
1978,北海道,54361.0
1979,北海道,54329.0
1980,北海道,50099.0
1981,北海道,49741.0
1982,北海道,48217.0
1983,北海道,45277.0
1984,北海道,38164.0
1985,北海道,38181.0
1986,北海道,39892.0
1987,北海道,41881.0
1988,北海道,42560.0
1989,北海道,40662.0
1990,北海道,43021.0
1991,北海道,44051.0
1992,北海道,44403.0
1993,北海道,45526.0
1994,北海道,43821.0
1995,北海道,44482.0
1996,北海道,43841.0
1997,北海道,40404.0
1998,北海道,40550.0
1999,北海道,37985.0
2000,北海道,36435.0
2001,北海道,35413.0
2002,北海道,34941.0
2003,北海道,32723.0
2004,北海道,29810.0
2005,北海道,30537.0
2006,北海道,28327.0
2007,北海道,27005.0
2008,北海道,25845.0
2009,北海道,25225.0
2010,北海道,24053.0
2011,北海道,24539.0
2012,北海道,23996.0
2013,北海道,24837.0
2014,北海道,22965.0
2015,北海道,22928.0
2016,北海道,21842.0
2017,北海道,21438.0
2018,北海道,20308.0
2019,北海道,19513.0
2020,北海道,17379.0
2021,北海道,16566.0
2022,北海道,16688.0
2023,北海道,16815.0
1963,青森,17091.0
1964,青森,18775.0
1965,青森,20469.0
1966,青森,23513.0
1967,青森,24772.0
1968,青森,25438.0
1969,青森,26577.0
1970,青森,26519.0
1971,青森,27268.0
1972,青森,27886.0
1973,青森,27688.0
1974,青森,26816.0
1975,青森,27896.0
1976,青森,26192.0
1977,青森,26232.0
1978,青森,24241.0
1979,青森,24234.0
1980,青森,22412.0
1981,青森,22061.0
1982,青森,21973.0
1983,青森,21202.0
1984,青森,18855.0
1985,青森,18661.0
1986,青森,19046.0
1987,青森,18762.0
1988,青森,18527.0
1989,青森,18022.0
1990,青森,18342.0
1991,青森,18345.0
1992,青森,18455.0
1993,青森,18284.0
1994,青森,17354.0
1995,青森,16831.0
1996,青森,16193.0
1997,青森,14520.0
1998,青森,14102.0
1999,青森,13353.0
2000,青森,12507.0
2001,青森,12017.0
2002,青森,11706.801
2003,青森,11138.0
2004,青森,9673.0
2005,青森,9508.0
2006,青森,9057.0
2007,青森,8697.0
2008,青森,8353.0
2009,青森,8186.0
2010,青森,7900.0
2011,青森,7760.0
2012,青森,7545.0
2013,青森,7479.0
2014,青森,7040.0
2015,青森,6910.0
2016,青森,6830.0
2017,青森,6561.0
2018,青森,6193.0
2019,青森,6009.0
2020,青森,5440.0
2021,青森,5313.0
2022,青森,6048.0
2023,青森,5004.0
1963,岩手,18326.0
1964,岩手,20161.0
1965,岩手,20871.0
1966,岩手,23964.0
1967,岩手,23589.0
1968,岩手,25056.0
1969,岩手,25851.0
1970,岩手,26466.0
1971,岩手,26715.0
1972,岩手,27989.0
1973,岩手,28368.0
1974,岩手,28238.0
1975,岩手,28682.0
1976,岩手,26732.0
1977,岩手,27351.0
1978,岩手,26680.0
1979,岩手,26523.0
1980,岩手,24999.0
1981,岩手,24002.0
1982,岩手,23290.0
1983,岩手,22264.0
1984,岩手,19692.0
1985,岩手,18712.0
1986,岩手,19274.0
1987,岩手,19459.0
1988,岩手,19670.0
1989,岩手,18459.0
1990,岩手,18850.0
1991,岩手,18770.0
1992,岩手,18464.0
1993,岩手,18122.0
1994,岩手,17216.0
1995,岩手,16577.0
1996,岩手,16513.0
1997,岩手,15352.0
1998,岩手,14475.0
1999,岩手,14340.0
2000,岩手,13276.0
2001,岩手,12538.0
2002,岩手,12104.0
2003,岩手,11654.0
2004,岩手,10314.0
2005,岩手,9633.0
2006,岩手,9345.0
2007,岩手,8998.0
2008,岩手,8642.0
2009,岩手,8582.0
2010,岩手,7346.0
2011,岩手,8028.0
2012,岩手,7804.0
2013,岩手,7993.0
2014,岩手,7442.0
2015,岩手,7417.0
2016,岩手,7054.0
2017,岩手,7012.0
2018,岩手,6544.0
2019,岩手,5951.0
2020,岩手,5499.0
2021,岩手,5317.0
2022,岩手,5152.0
2023,岩手,5044.0
1963,宮城,18964.0
1964,宮城,21981.0
1965,宮城,23940.0
1966,宮城,28098.0
1967,宮城,29294.0
1968,宮城,30679.0
1969,宮城,32910.0
1970,宮城,33636.0
1971,宮城,34833.0
1972,宮城,36249.0
1973,宮城,37369.0
1974,宮城,38081.0
1975,宮城,38558.0
1976,宮城,36066.0
1977,宮城,36099.0
1978,宮城,34415.0
1979,宮城,35155.0
1980,宮城,32875.0
1981,宮城,32072.0
1982,宮城,31777.0
1983,宮城,30487.0
1984,宮城,27359.0
1985,宮城,26469.0
1986,宮城,27692.0
1987,宮城,28744.0
1988,宮城,29072.0
1989,宮城,27502.0
1990,宮城,29606.0
1991,宮城,29553.0
1992,宮城,30506.0
1993,宮城,29546.0
1994,宮城,27031.0
1995,宮城,27511.0
1996,宮城,26488.0
1997,宮城,24298.0
1998,宮城,22524.0
1999,宮城,22057.0
2000,宮城,20320.0
2001,宮城,19366.0
2002,宮城,18520.0
2003,宮城,17726.0
2004,宮城,15883.177
2005,宮城,15402.0
2006,宮城,14669.0
2007,宮城,14450.0
2008,宮城,14116.0
2009,宮城,13360.0
2010,宮城,11479.0
2011,宮城,12743.0
2012,宮城,14443.0
2013,宮城,13549.0
2014,宮城,12647.0
2015,宮城,12197.0
2016,宮城,11815.0
2017,宮城,11945.0
2018,宮城,10931.0
2019,宮城,10239.0
2020,宮城,9495.0
2021,宮城,9086.0
2022,宮城,8920.0
2023,宮城,8954.0
1963,秋田,19851.0
1964,秋田,21788.0
1965,秋田,23803.0
1966,秋田,26810.0
1967,秋田,28502.0
1968,秋田,29707.0
1969,秋田,31029.0
1970,秋田,30677.0
1971,秋田,32072.0
1972,秋田,33479.0
1973,秋田,34120.0
1974,秋田,34531.0
1975,秋田,35965.0
1976,秋田,34359.0
1977,秋田,36381.0
1978,秋田,34466.0
1979,秋田,35677.0
1980,秋田,33331.0
1981,秋田,33971.0
1982,秋田,33594.0
1983,秋田,32799.0
1984,秋田,29631.0
1985,秋田,28925.0
1986,秋田,29523.0
1987,秋田,29500.0
1988,秋田,29668.0
1989,秋田,26037.0
1990,秋田,27717.0
1991,秋田,27238.0
1992,秋田,26304.0
1993,秋田,26761.0
1994,秋田,24753.0
1995,秋田,24100.0
1996,秋田,23327.0
1997,秋田,21423.0
1998,秋田,19813.0
1999,秋田,18952.0
2000,秋田,17587.0
2001,秋田,16619.0
2002,秋田,15863.0
2003,秋田,15204.0
2004,秋田,13023.0
2005,秋田,12294.0
2006,秋田,11468.0
2007,秋田,11020.0
2008,秋田,10328.0
2009,秋田,9991.0
2010,秋田,9218.0
2011,秋田,9174.0
2012,秋田,8669.0
2013,秋田,8665.0
2014,秋田,8212.0
2015,秋田,8006.0
2016,秋田,7805.0
2017,秋田,8357.0
2018,秋田,7251.0
2019,秋田,6639.0
2020,秋田,5942.0
2021,秋田,5883.0
2022,秋田,5577.0
2023,秋田,5593.0
1963,山形,16748.0
1964,山形,18010.0
1965,山形,19253.0
1966,山形,22150.0
1967,山形,22593.0
1968,山形,24066.0
1969,山形,25564.0
1970,山形,26414.0
1971,山形,26701.0
1972,山形,28241.0
1973,山形,28312.0
1974,山形,28422.0
1975,山形,29451.0
1976,山形,28499.0
1977,山形,29387.0
1978,山形,28470.0
1979,山形,29252.0
1980,山形,26809.0
1981,山形,27301.0
1982,山形,26665.0
1983,山形,25289.0
1984,山形,23309.0
1985,山形,23007.0
1986,山形,23712.0
1987,山形,23365.0
1988,山形,24243.0
1989,山形,21612.0
1990,山形,23154.0
1991,山形,22250.0
1992,山形,21900.0
1993,山形,21890.0
1994,山形,21067.0
1995,山形,20493.0
1996,山形,19838.0
1997,山形,18309.0
1998,山形,16478.0
1999,山形,16119.0
2000,山形,14991.0
2001,山形,13827.0
2002,山形,13135.0
2003,山形,12329.0
2004,山形,11108.0
2005,山形,10639.0
2006,山形,10100.0
2007,山形,9644.0
2008,山形,9122.0
2009,山形,8871.0
2010,山形,8146.0
2011,山形,8264.0
2012,山形,8239.0
2013,山形,8182.0
2014,山形,7458.0
2015,山形,7447.0
2016,山形,7353.0
2017,山形,7227.0
2018,山形,6816.0
2019,山形,6328.0
2020,山形,5808.0
2021,山形,5615.0
2022,山形,5383.0
2023,山形,5447.0
1963,福島,25535.0
1964,福島,27544.0
1965,福島,28443.0
1966,福島,32651.0
1967,福島,33413.0
1968,福島,35442.0
1969,福島,40448.0
1970,福島,39293.0
1971,福島,41095.0
1972,福島,42231.0
1973,福島,42432.0
1974,福島,41138.0
1975,福島,45228.0
1976,福島,42657.0
1977,福島,44793.0
1978,福島,44934.0
1979,福島,44129.0
1980,福島,42139.0
1981,福島,43723.0
1982,福島,45634.0
1983,福島,37996.0
1984,福島,34297.0
1985,福島,34296.0
1986,福島,35766.0
1987,福島,36271.0
1988,福島,36100.0
1989,福島,32958.0
1990,福島,34768.0
1991,福島,34935.0
1992,福島,34145.0
1993,福島,34625.0
1994,福島,31782.0
1995,福島,30895.0
1996,福島,30160.0
1997,福島,27327.0
1998,福島,25654.0
1999,福島,25276.0
2000,福島,23467.0
2001,福島,22591.0
2002,福島,21409.0
2003,福島,20647.0
2004,福島,19021.0
2005,福島,18322.0
2006,福島,17540.0
2007,福島,16558.0
2008,福島,15614.0
2009,福島,14973.0
2010,福島,11820.0
2011,福島,13559.0
2012,福島,13303.0
2013,福島,13521.0
2014,福島,12789.0
2015,福島,12725.0
2016,福島,12510.0
2017,福島,11909.0
2018,福島,11230.213
2019,福島,10160.0
2020,福島,9611.0
2021,福島,9487.0
2022,福島,9108.0
2023,福島,8665.0
1963,茨城,21837.0
1964,茨城,24203.0
1965,茨城,25964.0
1966,茨城,29440.0
1967,茨城,31764.0
1968,茨城,31000.0
1969,茨城,34867.0
1970,茨城,37046.0
1971,茨城,37185.0
1972,茨城,38494.0
1973,茨城,40316.0
1974,茨城,41143.0
1975,茨城,41535.0
1976,茨城,40017.0
1977,茨城,39647.0
1978,茨城,38806.0
1979,茨城,40064.0
1980,茨城,38137.0
1981,茨城,36530.0
1982,茨城,37666.0
1983,茨城,38356.0
1984,茨城,32665.0
1985,茨城,34261.0
1986,茨城,35150.0
1987,茨城,36350.0
1988,茨城,35847.0
1989,茨城,33122.0
1990,茨城,35053.0
1991,茨城,34846.0
1992,茨城,34238.0
1993,茨城,34059.0
1994,茨城,29610.0
1995,茨城,30340.0
1996,茨城,28566.0
1997,茨城,25930.0
1998,茨城,23934.0
1999,茨城,24519.0
2000,茨城,23918.0
2001,茨城,23060.0
2002,茨城,21641.0
2003,茨城,20491.0
2004,茨城,18407.0
2005,茨城,17607.0
2006,茨城,17119.0
2007,茨城,16642.0
2008,茨城,15757.0
2009,茨城,14974.0
2010,茨城,12980.0
2011,茨城,14165.0
2012,茨城,14533.0
2013,茨城,13765.0
2014,茨城,13172.0
2015,茨城,12862.0
2016,茨城,12872.0
2017,茨城,12674.0
2018,茨城,11351.0
2019,茨城,9983.0
2020,茨城,9650.0
2021,茨城,9803.0
2022,茨城,9759.0
2023,茨城,8479.0
1963,栃木,18398.0
1964,栃木,19446.0
1965,栃木,20724.0
1966,栃木,23107.0
1967,栃木,23665.0
1968,栃木,24644.0
1969,栃木,27196.0
1970,栃木,27785.0
1971,栃木,29207.0
1972,栃木,30485.0
1973,栃木,32202.0
1974,栃木,30558.0
1975,栃木,30917.0
1976,栃木,29713.0
1977,栃木,29555.0
1978,栃木,28963.0
1979,栃木,29228.0
1980,栃木,27575.0
1981,栃木,27838.0
1982,栃木,27018.0
1983,栃木,26505.0
1984,栃木,24297.0
1985,栃木,23802.0
1986,栃木,24530.0
1987,栃木,26883.0
1988,栃木,26412.0
1989,栃木,25050.0
1990,栃木,25612.0
1991,栃木,24528.0
1992,栃木,23416.0
1993,栃木,23451.0
1994,栃木,20643.0
1995,栃木,19579.0
1996,栃木,18888.0
1997,栃木,17479.0
1998,栃木,16106.0
1999,栃木,15614.0
2000,栃木,16469.0
2001,栃木,15458.0
2002,栃木,15322.0
2003,栃木,13627.0
2004,栃木,13081.0
2005,栃木,12386.0
2006,栃木,11661.0
2007,栃木,11395.0
2008,栃木,10104.0
2009,栃木,10231.0
2010,栃木,10474.0
2011,栃木,9579.0
2012,栃木,9800.0
2013,栃木,9317.0
2014,栃木,8683.0
2015,栃木,9083.0
2016,栃木,8453.0
2017,栃木,8591.0
2018,栃木,8247.0
2019,栃木,7324.0
2020,栃木,6783.0
2021,栃木,6310.0
2022,栃木,6107.0
2023,栃木,5954.0
1963,群馬,17719.0
1964,群馬,19491.0
1965,群馬,20104.0
1966,群馬,22555.0
1967,群馬,22978.0
1968,群馬,23961.0
1969,群馬,25855.0
1970,群馬,26848.0
1971,群馬,27298.0
1972,群馬,28668.0
1973,群馬,29241.0
1974,群馬,28919.0
1975,群馬,27914.0
1976,群馬,27887.0
1977,群馬,27135.0
1978,群馬,25563.0
1979,群馬,26613.0
1980,群馬,24447.0
1981,群馬,24108.0
1982,群馬,23947.0
1983,群馬,22461.0
1984,群馬,20982.0
1985,群馬,20856.0
1986,群馬,21030.0
1987,群馬,21865.0
1988,群馬,22280.0
1989,群馬,20653.0
1990,群馬,21908.0
1991,群馬,21503.0
1992,群馬,20498.0
1993,群馬,21215.0
1994,群馬,18601.0
1995,群馬,21128.0
1996,群馬,18946.0
1997,群馬,16684.0
1998,群馬,15546.0
1999,群馬,15566.0
2000,群馬,14493.0
2001,群馬,13701.0
2002,群馬,13925.0
2003,群馬,13182.0
2004,群馬,12245.0
2005,群馬,11969.0
2006,群馬,11325.0
2007,群馬,10470.0
2008,群馬,10172.0
2009,群馬,9724.0
2010,群馬,9367.0
2011,群馬,9358.0
2012,群馬,9245.0
2013,群馬,9677.0
2014,群馬,8556.0
2015,群馬,8274.0
2016,群馬,8315.0
2017,群馬,8477.0
2018,群馬,7594.0
2019,群馬,6587.0
2020,群馬,6211.0
2021,群馬,6296.0
2022,群馬,6102.0
2023,群馬,5746.0
1963,埼玉,28479.0
1964,埼玉,31701.0
1965,埼玉,33753.0
1966,埼玉,38828.0
1967,埼玉,40342.0
1968,埼玉,42632.0
1969,埼玉,46772.0
1970,埼玉,50799.0
1971,埼玉,53785.0
1972,埼玉,56641.0
1973,埼玉,59088.0
1974,埼玉,61703.0
1975,埼玉,63172.0
1976,埼玉,60396.0
1977,埼玉,59233.0
1978,埼玉,57933.0
1979,埼玉,59328.0
1980,埼玉,57180.0
1981,埼玉,58124.0
1982,埼玉,57199.0
1983,埼玉,57765.0
1984,埼玉,55608.0
1985,埼玉,55789.0
1986,埼玉,58219.0
1987,埼玉,59435.0
1988,埼玉,59944.0
1989,埼玉,54937.0
1990,埼玉,55404.0
1991,埼玉,56402.0
1992,埼玉,55525.0
1993,埼玉,54986.0
1994,埼玉,49924.0
1995,埼玉,49321.0
1996,埼玉,47919.0
1997,埼玉,45180.0
1998,埼玉,42165.0
1999,埼玉,40190.0
2000,埼玉,39113.0
2001,埼玉,37979.0
2002,埼玉,36840.0
2003,埼玉,35027.0
2004,埼玉,32688.583
2005,埼玉,31662.0
2006,埼玉,31607.0
2007,埼玉,31181.0
2008,埼玉,28399.0
2009,埼玉,28526.0
2010,埼玉,27502.0
2011,埼玉,30113.0
2012,埼玉,28490.0
2013,埼玉,27076.0
2014,埼玉,26178.0
2015,埼玉,25692.0
2016,埼玉,25506.0
2017,埼玉,25179.0
2018,埼玉,23656.799
2019,埼玉,21314.0
2020,埼玉,23307.32
2021,埼玉,22812.0
2022,埼玉,22068.0
2023,埼玉,21288.0
1963,新潟,31842.0
1964,新潟,34586.0
1965,新潟,36603.0
1966,新潟,41474.0
1967,新潟,41554.0
1968,新潟,44172.0
1969,新潟,46937.0
1970,新潟,49145.0
1971,新潟,49971.0
1972,新潟,52632.0
1973,新潟,54115.0
1974,新潟,53998.0
1975,新潟,56349.0
1976,新潟,54958.0
1977,新潟,55611.0
1978,新潟,54023.0
1979,新潟,57274.0
1980,新潟,53205.0
1981,新潟,54734.0
1982,新潟,54923.0
1983,新潟,53662.0
1984,新潟,51756.0
1985,新潟,52933.0
1986,新潟,55197.0
1987,新潟,55436.0
1988,新潟,58841.0
1989,新潟,58214.0
1990,新潟,56606.0
1991,新潟,57886.0
1992,新潟,57334.0
1993,新潟,60811.0
1994,新潟,55901.0
1995,新潟,58101.0
1996,新潟,57087.0
1997,新潟,53182.0
1998,新潟,50115.0
1999,新潟,48428.0
2000,新潟,45662.0
2001,新潟,43838.0
2002,新潟,42117.0
2003,新潟,39282.0
2004,新潟,36159.0
2005,新潟,36048.0
2006,新潟,33582.0
2007,新潟,31341.0
2008,新潟,29507.0
2009,新潟,28828.528000000002
2010,新潟,27960.0
2011,新潟,27972.0
2012,新潟,28245.0
2013,新潟,25665.0
2014,新潟,23851.0
2015,新潟,24149.0
2016,新潟,22573.0
2017,新潟,21321.0
2018,新潟,19823.0
2019,新潟,18017.0
2020,新潟,15984.0
2021,新潟,15240.0
2022,新潟,15208.0
2023,新潟,14539.0
1963,長野,25444.0
1964,長野,27410.0
1965,長野,28389.0
1966,長野,32198.0
1967,長野,31794.0
1968,長野,33166.0
1969,長野,35748.0
1970,長野,36713.0
1971,長野,37682.0
1972,長野,40443.0
1973,長野,40588.0
1974,長野,39555.0
1975,長野,41206.0
1976,長野,40136.0
1977,長野,39082.0
1978,長野,37976.0
1979,長野,40226.0
1980,長野,36382.0
1981,長野,37206.0
1982,長野,36085.0
1983,長野,34415.0
1984,長野,31219.0
1985,長野,31786.0
1986,長野,33678.0
1987,長野,33809.0
1988,長野,36401.0
1989,長野,32322.0
1990,長野,33526.0
1991,長野,34310.0
1992,長野,34379.0
1993,長野,34081.0
1994,長野,32405.0
1995,長野,32028.0
1996,長野,30953.0
1997,長野,28115.0
1998,長野,27035.0
1999,長野,25845.0
2000,長野,23970.0
2001,長野,23712.0
2002,長野,22119.0
2003,長野,21825.0
2004,長野,18786.0
2005,長野,17916.0
2006,長野,17500.0
2007,長野,16155.0
2008,長野,16494.0
2009,長野,15636.0
2010,長野,15819.0
2011,長野,14959.0
2012,長野,14276.0
2013,長野,14161.0
2014,長野,13582.0
2015,長野,13621.0
2016,長野,12848.0
2017,長野,12366.0
2018,長野,11769.0
2019,長野,10949.0
2020,長野,9350.0
2021,長野,10004.0
2022,長野,9189.0
2023,長野,8923.0
1963,千葉,26327.0
1964,千葉,29270.0
1965,千葉,30700.0
1966,千葉,34404.0
1967,千葉,36770.0
1968,千葉,37807.0
1969,千葉,43559.0
1970,千葉,45223.0
1971,千葉,46339.0
1972,千葉,48968.0
1973,千葉,50898.0
1974,千葉,51952.0
1975,千葉,53020.0
1976,千葉,54100.0
1977,千葉,50713.0
1978,千葉,48896.0
1979,千葉,49976.0
1980,千葉,48951.0
1981,千葉,51200.0
1982,千葉,48418.0
1983,千葉,48017.0
1984,千葉,45292.0
1985,千葉,44716.0
1986,千葉,46069.0
1987,千葉,47720.0
1988,千葉,47604.0
1989,千葉,45256.0
1990,千葉,47009.0
1991,千葉,46584.0
1992,千葉,46775.0
1993,千葉,46679.0
1994,千葉,42767.0
1995,千葉,41414.0
1996,千葉,40451.0
1997,千葉,34966.0
1998,千葉,33395.0
1999,千葉,34341.0
2000,千葉,34327.0
2001,千葉,34431.0
2002,千葉,31341.0
2003,千葉,30789.0
2004,千葉,27441.0
2005,千葉,27449.0
2006,千葉,26329.0
2007,千葉,25991.0
2008,千葉,24889.0
2009,千葉,24631.0
2010,千葉,24596.0
2011,千葉,25145.0
2012,千葉,24936.0
2013,千葉,24305.0
2014,千葉,23075.0
2015,千葉,23270.0
2016,千葉,22086.0
2017,千葉,22149.0
2018,千葉,20442.0
2019,千葉,18015.0
2020,千葉,17096.123209999998
2021,千葉,16568.0
2022,千葉,15889.0
2023,千葉,17154.0
1963,東京,114975.0
1964,東京,121956.0
1965,東京,125243.0
1966,東京,136551.0
1967,東京,137639.0
1968,東京,143211.0
1969,東京,151324.0
1970,東京,153627.0
1971,東京,154729.0
1972,東京,157360.0
1973,東京,162399.0
1974,東京,159771.0
1975,東京,161412.0
1976,東京,159136.0
1977,東京,154964.0
1978,東京,148163.0
1979,東京,149635.0
1980,東京,143876.0
1981,東京,153054.0
1982,東京,139813.0
1983,東京,136586.0
1984,東京,126844.0
1985,東京,132132.0
1986,東京,135508.0
1987,東京,135534.0
1988,東京,139580.0
1989,東京,134868.0
1990,東京,137101.0
1991,東京,138123.0
1992,東京,137601.0
1993,東京,137027.0
1994,東京,124336.0
1995,東京,127459.0
1996,東京,121314.0
1997,東京,112330.0
1998,東京,108342.0
1999,東京,102096.0
2000,東京,101761.0
2001,東京,97354.0
2002,東京,96173.0
2003,東京,87323.0
2004,東京,81908.0
2005,東京,77373.0
2006,東京,75863.0
2007,東京,75880.0
2008,東京,71514.0
2009,東京,71096.0
2010,東京,68497.0
2011,東京,71424.0
2012,東京,75049.0
2013,東京,68265.0
2014,東京,69694.0
2015,東京,71864.0
2016,東京,67036.0
2017,東京,68824.0
2018,東京,64778.547999999995
2019,東京,58293.0
2020,東京,49611.71428499999
2021,東京,52383.0
2022,東京,52420.0
2023,東京,49839.0
1963,神奈川,43442.0
1964,神奈川,49034.0
1965,神奈川,50809.0
1966,神奈川,56090.0
1967,神奈川,57770.0
1968,神奈川,61356.0
1969,神奈川,65952.0
1970,神奈川,68684.0
1971,神奈川,70209.0
1972,神奈川,72494.0
1973,神奈川,74958.0
1974,神奈川,76271.0
1975,神奈川,75822.0
1976,神奈川,73924.0
1977,神奈川,71305.0
1978,神奈川,69271.0
1979,神奈川,69423.0
1980,神奈川,67982.0
1981,神奈川,70704.0
1982,神奈川,67373.0
1983,神奈川,66706.0
1984,神奈川,60885.0
1985,神奈川,63293.0
1986,神奈川,65670.0
1987,神奈川,66160.0
1988,神奈川,68204.0
1989,神奈川,64062.0
1990,神奈川,65700.0
1991,神奈川,65727.0
1992,神奈川,68612.0
1993,神奈川,67254.0
1994,神奈川,62767.0
1995,神奈川,62070.0
1996,神奈川,60923.0
1997,神奈川,58026.0
1998,神奈川,51525.0
1999,神奈川,49648.0
2000,神奈川,47187.0
2001,神奈川,47781.0
2002,神奈川,44096.0
2003,神奈川,42048.0
2004,神奈川,36908.0
2005,神奈川,36650.0
2006,神奈川,36400.0
2007,神奈川,35444.0
2008,神奈川,33188.0
2009,神奈川,32815.0
2010,神奈川,32432.0
2011,神奈川,34268.0
2012,神奈川,30813.0
2013,神奈川,33206.0
2014,神奈川,31133.0
2015,神奈川,30977.0
2016,神奈川,31383.0
2017,神奈川,30241.0
2018,神奈川,26852.0
2019,神奈川,35003.0
2020,神奈川,23737.311
2021,神奈川,23303.0
2022,神奈川,23759.0
2023,神奈川,24082.0
1963,山梨,8680.0
1964,山梨,9694.0
1965,山梨,10298.0
1966,山梨,11660.0
1967,山梨,11786.0
1968,山梨,12043.0
1969,山梨,13210.0
1970,山梨,13781.0
1971,山梨,12934.0
1972,山梨,13514.0
1973,山梨,13869.0
1974,山梨,13206.0
1975,山梨,12736.0
1976,山梨,11994.0
1977,山梨,12743.0
1978,山梨,12291.0
1979,山梨,12654.0
1980,山梨,11788.0
1981,山梨,12538.0
1982,山梨,11636.0
1983,山梨,11094.0
1984,山梨,9770.0
1985,山梨,9447.0
1986,山梨,9425.0
1987,山梨,9783.0
1988,山梨,9719.0
1989,山梨,9869.0
1990,山梨,9421.0
1991,山梨,9806.0
1992,山梨,10009.0
1993,山梨,9697.0
1994,山梨,8704.0
1995,山梨,8841.0
1996,山梨,8402.0
1997,山梨,7956.0
1998,山梨,7708.0
1999,山梨,8175.0
2000,山梨,7364.0
2001,山梨,6725.0
2002,山梨,6710.0
2003,山梨,5955.0
2004,山梨,5409.0
2005,山梨,4921.0
2006,山梨,4945.0
2007,山梨,4610.0
2008,山梨,4479.0
2009,山梨,4429.0
2010,山梨,4296.0
2011,山梨,6163.0
2012,山梨,3997.0
2013,山梨,3809.0
2014,山梨,3745.0
2015,山梨,3771.0
2016,山梨,3494.0
2017,山梨,3352.0
2018,山梨,3104.0
2019,山梨,3024.0
2020,山梨,2759.172
2021,山梨,2716.0
2022,山梨,2682.0
2023,山梨,2710.0
1963,富山,15462.0
1964,富山,15691.0
1965,富山,15685.0
1966,富山,17019.0
1967,富山,16023.0
1968,富山,16356.0
1969,富山,17544.0
1970,富山,18635.0
1971,富山,19080.0
1972,富山,19595.0
1973,富山,19531.0
1974,富山,19784.0
1975,富山,20186.0
1976,富山,19668.0
1977,富山,20310.0
1978,富山,20147.0
1979,富山,20330.0
1980,富山,19679.0
1981,富山,20002.0
1982,富山,20100.0
1983,富山,19835.0
1984,富山,19178.0
1985,富山,19316.0
1986,富山,19936.0
1987,富山,19245.0
1988,富山,19307.0
1989,富山,19395.0
1990,富山,19423.0
1991,富山,19228.0
1992,富山,18840.0
1993,富山,19240.0
1994,富山,17728.0
1995,富山,18053.0
1996,富山,17806.0
1997,富山,16620.0
1998,富山,15702.0
1999,富山,14866.0
2000,富山,14098.0
2001,富山,13650.0
2002,富山,12180.0
2003,富山,11649.0
2004,富山,10299.0
2005,富山,10043.0
2006,富山,9553.0
2007,富山,9332.0
2008,富山,8829.0
2009,富山,8418.0
2010,富山,7872.0
2011,富山,7601.0
2012,富山,7385.0
2013,富山,7342.0
2014,富山,7087.0
2015,富山,7042.0
2016,富山,6607.0
2017,富山,6516.0
2018,富山,6456.0
2019,富山,5918.0
2020,富山,5013.0
2021,富山,5130.0
2022,富山,4788.0
2023,富山,4793.0
1963,石川,13164.0
1964,石川,13416.0
1965,石川,13867.0
1966,石川,15258.0
1967,石川,15307.0
1968,石川,15352.0
1969,石川,15398.0
1970,石川,16114.0
1971,石川,16941.0
1972,石川,17922.0
1973,石川,18764.0
1974,石川,18424.0
1975,石川,18981.0
1976,石川,18808.0
1977,石川,19232.0
1978,石川,18849.0
1979,石川,20172.0
1980,石川,19007.0
1981,石川,19639.0
1982,石川,19427.0
1983,石川,19111.0
1984,石川,18008.0
1985,石川,18492.0
1986,石川,19093.0
1987,石川,19295.0
1988,石川,19734.0
1989,石川,19089.0
1990,石川,19568.0
1991,石川,19669.0
1992,石川,19969.0
1993,石川,20303.0
1994,石川,18968.0
1995,石川,19264.0
1996,石川,17899.0
1997,石川,16929.0
1998,石川,16362.0
1999,石川,16077.0
2000,石川,15194.0
2001,石川,14611.0
2002,石川,13518.0
2003,石川,12619.0
2004,石川,11306.0
2005,石川,10587.0
2006,石川,9841.0
2007,石川,9303.0
2008,石川,9120.0
2009,石川,8686.0
2010,石川,8268.0
2011,石川,8187.0
2012,石川,7762.0
2013,石川,7780.0
2014,石川,7528.0
2015,石川,8660.0
2016,石川,7119.0
2017,石川,6992.0
2018,石川,6548.0
2019,石川,6112.0
2020,石川,5509.0
2021,石川,5596.0
2022,石川,5572.0
2023,石川,5013.0
1963,福井,9112.0
1964,福井,9463.0
1965,福井,9836.0
1966,福井,10711.0
1967,福井,10955.0
1968,福井,10581.0
1969,福井,11179.0
1970,福井,11595.0
1971,福井,11484.0
1972,福井,11957.0
1973,福井,12052.0
1974,福井,12096.0
1975,福井,12339.0
1976,福井,11926.0
1977,福井,12172.0
1978,福井,11614.0
1979,福井,12324.0
1980,福井,11665.0
1981,福井,12326.0
1982,福井,11822.0
1983,福井,11938.0
1984,福井,11145.0
1985,福井,11179.0
1986,福井,11679.0
1987,福井,11585.0
1988,福井,11725.0
1989,福井,11241.0
1990,福井,11284.0
1991,福井,11531.0
1992,福井,11386.0
1993,福井,11399.0
1994,福井,11205.0
1995,福井,11393.0
1996,福井,10739.0
1997,福井,10006.0
1998,福井,9413.0
1999,福井,9522.0
2000,福井,8553.0
2001,福井,8035.0
2002,福井,7831.0
2003,福井,6969.0
2004,福井,6429.0
2005,福井,6410.0
2006,福井,6062.0
2007,福井,5643.0
2008,福井,5462.0
2009,福井,5195.0
2010,福井,4867.0
2011,福井,4899.0
2012,福井,4827.0
2013,福井,4730.0
2014,福井,4780.0
2015,福井,4443.0
2016,福井,4409.0
2017,福井,4310.0
2018,福井,4032.0
2019,福井,3625.0
2020,福井,3456.0
2021,福井,3243.0
2022,福井,3161.0
2023,福井,3108.0
1963,岐阜,17034.0
1964,岐阜,17607.0
1965,岐阜,17771.0
1966,岐阜,19496.0
1967,岐阜,19761.0
1968,岐阜,19697.0
1969,岐阜,21470.0
1970,岐阜,22221.0
1971,岐阜,23009.0
1972,岐阜,24264.0
1973,岐阜,25153.0
1974,岐阜,25497.0
1975,岐阜,26066.0
1976,岐阜,25936.0
1977,岐阜,25446.0
1978,岐阜,25256.0
1979,岐阜,27097.0
1980,岐阜,25536.0
1981,岐阜,26469.0
1982,岐阜,26514.0
1983,岐阜,26202.0
1984,岐阜,24670.0
1985,岐阜,24906.0
1986,岐阜,26005.0
1987,岐阜,25842.0
1988,岐阜,25529.0
1989,岐阜,24377.0
1990,岐阜,25318.0
1991,岐阜,25222.0
1992,岐阜,24911.0
1993,岐阜,25560.0
1994,岐阜,23424.0
1995,岐阜,23842.0
1996,岐阜,23648.0
1997,岐阜,21361.0
1998,岐阜,19741.0
1999,岐阜,19670.0
2000,岐阜,18403.0
2001,岐阜,17814.0
2002,岐阜,16911.0
2003,岐阜,15638.0
2004,岐阜,13831.0
2005,岐阜,13287.0
2006,岐阜,12555.0
2007,岐阜,12277.0
2008,岐阜,11714.0
2009,岐阜,11246.0
2010,岐阜,10818.0
2011,岐阜,10629.0
2012,岐阜,10158.0
2013,岐阜,10397.0
2014,岐阜,9779.0
2015,岐阜,9214.0
2016,岐阜,9167.0
2017,岐阜,8702.0
2018,岐阜,7989.0
2019,岐阜,7399.0
2020,岐阜,7394.0
2021,岐阜,6940.0
2022,岐阜,6779.0
2023,岐阜,6732.0
1963,静岡,34400.0
1964,静岡,36937.0
1965,静岡,38502.0
1966,静岡,42576.0
1967,静岡,43126.0
1968,静岡,44262.0
1969,静岡,47483.0
1970,静岡,47983.0
1971,静岡,48917.0
1972,静岡,49424.0
1973,静岡,51857.0
1974,静岡,51291.0
1975,静岡,51556.0
1976,静岡,50413.0
1977,静岡,48148.0
1978,静岡,47548.0
1979,静岡,48955.0
1980,静岡,47228.0
1981,静岡,47113.0
1982,静岡,46290.0
1983,静岡,45031.0
1984,静岡,41073.0
1985,静岡,41006.0
1986,静岡,41569.0
1987,静岡,41216.0
1988,静岡,41968.0
1989,静岡,39436.0
1990,静岡,40599.0
1991,静岡,40151.0
1992,静岡,40112.0
1993,静岡,39786.0
1994,静岡,37147.0
1995,静岡,37287.0
1996,静岡,36186.0
1997,静岡,33042.0
1998,静岡,31379.0
1999,静岡,31130.0
2000,静岡,28808.0
2001,静岡,28243.0
2002,静岡,26474.0
2003,静岡,24560.0
2004,静岡,22084.0
2005,静岡,21394.0
2006,静岡,20578.0
2007,静岡,19829.0
2008,静岡,19130.0
2009,静岡,18161.0
2010,静岡,17916.0
2011,静岡,17380.0
2012,静岡,16717.0
2013,静岡,16316.0
2014,静岡,15448.0
2015,静岡,15158.0
2016,静岡,14613.0
2017,静岡,14144.0
2018,静岡,13104.0
2019,静岡,13313.0
2020,静岡,11719.0
2021,静岡,11103.0
2022,静岡,10613.0
2023,静岡,10462.0
1963,愛知,39357.0
1964,愛知,42156.0
1965,愛知,43133.0
1966,愛知,48448.0
1967,愛知,50668.0
1968,愛知,51770.0
1969,愛知,56674.0
1970,愛知,60618.0
1971,愛知,61584.0
1972,愛知,64951.0
1973,愛知,66020.0
1974,愛知,66250.0
1975,愛知,67634.0
1976,愛知,67331.0
1977,愛知,66328.0
1978,愛知,64396.0
1979,愛知,67474.0
1980,愛知,64816.0
1981,愛知,67200.0
1982,愛知,66389.0
1983,愛知,65911.0
1984,愛知,61743.0
1985,愛知,62543.0
1986,愛知,64168.0
1987,愛知,64480.0
1988,愛知,64172.0
1989,愛知,61816.0
1990,愛知,63514.0
1991,愛知,63392.0
1992,愛知,64103.0
1993,愛知,63640.0
1994,愛知,58129.0
1995,愛知,59462.0
1996,愛知,57693.0
1997,愛知,52641.0
1998,愛知,50682.0
1999,愛知,53906.0
2000,愛知,49836.0
2001,愛知,45764.0
2002,愛知,41915.0
2003,愛知,38256.0
2004,愛知,33687.0
2005,愛知,32871.0
2006,愛知,31755.0
2007,愛知,30377.0
2008,愛知,29600.0
2009,愛知,27778.0
2010,愛知,26563.0
2011,愛知,26997.0
2012,愛知,26111.0
2013,愛知,25761.0
2014,愛知,24412.0
2015,愛知,23497.0
2016,愛知,23207.0
2017,愛知,22471.0
2018,愛知,20838.0
2019,愛知,19607.0
2020,愛知,18769.0
2021,愛知,18032.0
2022,愛知,17528.0
2023,愛知,16981.0
1963,三重,14371.0
1964,三重,14778.0
1965,三重,15197.0
1966,三重,16936.0
1967,三重,16944.0
1968,三重,17128.0
1969,三重,18371.0
1970,三重,19469.0
1971,三重,19933.0
1972,三重,21445.0
1973,三重,21952.0
1974,三重,22358.0
1975,三重,22437.0
1976,三重,21867.0
1977,三重,21509.0
1978,三重,21199.0
1979,三重,22229.0
1980,三重,21581.0
1981,三重,22152.0
1982,三重,22388.0
1983,三重,21983.0
1984,三重,20313.0
1985,三重,20894.0
1986,三重,21776.0
1987,三重,21697.0
1988,三重,22059.0
1989,三重,21252.0
1990,三重,21832.0
1991,三重,21361.0
1992,三重,21343.0
1993,三重,21114.0
1994,三重,20054.0
1995,三重,19599.0
1996,三重,19046.0
1997,三重,16987.0
1998,三重,16017.0
1999,三重,16206.0
2000,三重,14091.0
2001,三重,13488.0
2002,三重,12325.0
2003,三重,11853.0
2004,三重,10802.0
2005,三重,9948.0
2006,三重,9544.0
2007,三重,9085.0
2008,三重,8465.0
2009,三重,8360.0
2010,三重,8093.0
2011,三重,7962.0
2012,三重,7778.0
2013,三重,8136.0
2014,三重,8411.0
2015,三重,7035.0
2016,三重,6989.0
2017,三重,6871.0
2018,三重,6149.0
2019,三重,6045.0
2020,三重,5498.0
2021,三重,5146.0
2022,三重,5185.0
2023,三重,5559.0
1963,滋賀,9985.0
1964,滋賀,10213.0
1965,滋賀,10595.0
1966,滋賀,11565.0
1967,滋賀,11863.0
1968,滋賀,12155.0
1969,滋賀,13052.0
1970,滋賀,13490.0
1971,滋賀,14289.0
1972,滋賀,14816.0
1973,滋賀,15232.0
1974,滋賀,15739.0
1975,滋賀,16005.0
1976,滋賀,16264.0
1977,滋賀,16239.0
1978,滋賀,15524.0
1979,滋賀,16763.0
1980,滋賀,15926.0
1981,滋賀,16693.0
1982,滋賀,16816.0
1983,滋賀,16929.0
1984,滋賀,16330.0
1985,滋賀,16110.0
1986,滋賀,16664.0
1987,滋賀,16720.0
1988,滋賀,16779.0
1989,滋賀,16269.0
1990,滋賀,16350.0
1991,滋賀,16153.0
1992,滋賀,15972.0
1993,滋賀,16039.0
1994,滋賀,14690.0
1995,滋賀,15104.0
1996,滋賀,14081.0
1997,滋賀,13473.0
1998,滋賀,12182.0
1999,滋賀,12211.0
2000,滋賀,11275.0
2001,滋賀,11179.0
2002,滋賀,10259.0
2003,滋賀,9696.0
2004,滋賀,8653.0
2005,滋賀,8514.0
2006,滋賀,7807.0
2007,滋賀,7455.0
2008,滋賀,7226.0
2009,滋賀,7190.0
2010,滋賀,6144.0
2011,滋賀,6812.0
2012,滋賀,6547.0
2013,滋賀,6418.0
2014,滋賀,6370.0
2015,滋賀,6025.0
2016,滋賀,5865.0
2017,滋賀,5684.0
2018,滋賀,5159.0
2019,滋賀,5235.0
2020,滋賀,4990.0
2021,滋賀,4567.0
2022,滋賀,4439.0
2023,滋賀,4110.0
1963,京都,21138.0
1964,京都,21352.0
1965,京都,22494.0
1966,京都,24935.0
1967,京都,25632.0
1968,京都,25252.0
1969,京都,27524.0
1970,京都,29111.0
1971,京都,29016.0
1972,京都,30618.0
1973,京都,30715.0
1974,京都,32622.0
1975,京都,32296.0
1976,京都,30697.0
1977,京都,31234.0
1978,京都,30913.0
1979,京都,32100.0
1980,京都,31420.0
1981,京都,31868.0
1982,京都,31449.0
1983,京都,31403.0
1984,京都,28772.0
1985,京都,29816.0
1986,京都,31420.0
1987,京都,30115.0
1988,京都,31073.0
1989,京都,29430.0
1990,京都,30460.0
1991,京都,30294.0
1992,京都,30118.0
1993,京都,29457.0
1994,京都,27078.0
1995,京都,28325.0
1996,京都,26183.0
1997,京都,24358.0
1998,京都,23780.0
1999,京都,22339.0
2000,京都,22868.0
2001,京都,20762.0
2002,京都,19955.0
2003,京都,18557.0
2004,京都,17033.0
2005,京都,16545.0
2006,京都,15764.0
2007,京都,14740.0
2008,京都,13789.0
2009,京都,13809.0
2010,京都,13203.0
2011,京都,13430.0
2012,京都,13457.0
2013,京都,13486.0
2014,京都,13686.0
2015,京都,13161.0
2016,京都,12558.0
2017,京都,12409.0
2018,京都,11360.0
2019,京都,10922.0
2020,京都,9972.0
2021,京都,9395.0
2022,京都,9797.0
2023,京都,9483.0
1963,大阪,68787.0
1964,大阪,75000.0
1965,大阪,77331.0
1966,大阪,87507.0
1967,大阪,90543.0
1968,大阪,94876.0
1969,大阪,101987.0
1970,大阪,104290.0
1971,大阪,105364.0
1972,大阪,108911.0
1973,大阪,114363.0
1974,大阪,110701.0
1975,大阪,111993.0
1976,大阪,112204.0
1977,大阪,108056.0
1978,大阪,104708.0
1979,大阪,109174.0
1980,大阪,105313.0
1981,大阪,105968.0
1982,大阪,104842.0
1983,大阪,102478.0
1984,大阪,93916.0
1985,大阪,97297.0
1986,大阪,100517.0
1987,大阪,99703.0
1988,大阪,100080.0
1989,大阪,97444.0
1990,大阪,96465.0
1991,大阪,95594.0
1992,大阪,94599.0
1993,大阪,91745.0
1994,大阪,85067.0
1995,大阪,86403.0
1996,大阪,80291.0
1997,大阪,74779.0
1998,大阪,68763.0
1999,大阪,68960.0
2000,大阪,63489.0
2001,大阪,59686.0
2002,大阪,55725.0
2003,大阪,50708.0
2004,大阪,46399.0
2005,大阪,43275.0
2006,大阪,41606.0
2007,大阪,40309.0
2008,大阪,38776.0
2009,大阪,37318.0
2010,大阪,35876.0
2011,大阪,36043.0
2012,大阪,35953.0
2013,大阪,35652.0
2014,大阪,33493.0
2015,大阪,34615.0
2016,大阪,33480.0
2017,大阪,32734.0
2018,大阪,30837.0
2019,大阪,28125.0
2020,大阪,26518.0
2021,大阪,24821.0
2022,大阪,24204.0
2023,大阪,23643.0
1963,兵庫,42409.0
1964,兵庫,45726.0
1965,兵庫,48631.0
1966,兵庫,53374.0
1967,兵庫,54320.0
1968,兵庫,55084.0
1969,兵庫,58847.0
1970,兵庫,60376.0
1971,兵庫,60941.0
1972,兵庫,63420.0
1973,兵庫,65887.0
1974,兵庫,66293.0
1975,兵庫,67451.0
1976,兵庫,65592.0
1977,兵庫,64618.0
1978,兵庫,62774.0
1979,兵庫,65984.0
1980,兵庫,64195.0
1981,兵庫,65403.0
1982,兵庫,64976.0
1983,兵庫,63287.0
1984,兵庫,59263.0
1985,兵庫,60287.0
1986,兵庫,62341.0
1987,兵庫,61859.0
1988,兵庫,62542.0
1989,兵庫,62141.0
1990,兵庫,62366.0
1991,兵庫,60821.0
1992,兵庫,63568.0
1993,兵庫,60859.0
1994,兵庫,52594.0
1995,兵庫,51698.0
1996,兵庫,49583.0
1997,兵庫,47990.0
1998,兵庫,43566.0
1999,兵庫,42015.0
2000,兵庫,40305.0
2001,兵庫,38353.0
2002,兵庫,36654.0
2003,兵庫,34025.0
2004,兵庫,29663.0
2005,兵庫,30084.0
2006,兵庫,27928.0
2007,兵庫,28211.0
2008,兵庫,25673.0
2009,兵庫,25593.0
2010,兵庫,24117.0
2011,兵庫,25013.0
2012,兵庫,24626.0
2013,兵庫,24615.0
2014,兵庫,23504.0
2015,兵庫,23315.0
2016,兵庫,22279.0
2017,兵庫,21458.0
2018,兵庫,20008.0
2019,兵庫,18764.0
2020,兵庫,18627.0
2021,兵庫,17010.0
2022,兵庫,17721.0
2023,兵庫,15945.0
1963,奈良,8173.0
1964,奈良,7882.0
1965,奈良,8596.0
1966,奈良,9757.0
1967,奈良,10303.0
1968,奈良,9947.0
1969,奈良,11247.0
1970,奈良,11683.0
1971,奈良,11279.0
1972,奈良,12361.0
1973,奈良,13099.0
1974,奈良,12720.0
1975,奈良,13341.0
1976,奈良,13644.0
1977,奈良,13533.0
1978,奈良,13266.0
1979,奈良,13580.0
1980,奈良,13498.0
1981,奈良,13667.0
1982,奈良,13453.0
1983,奈良,14252.0
1984,奈良,12717.0
1985,奈良,13024.0
1986,奈良,13726.0
1987,奈良,14189.0
1988,奈良,14186.0
1989,奈良,14143.0
1990,奈良,14004.0
1991,奈良,14088.0
1992,奈良,13458.0
1993,奈良,13725.0
1994,奈良,12519.0
1995,奈良,11678.0
1996,奈良,10947.0
1997,奈良,9984.0
1998,奈良,8899.0
1999,奈良,10528.0
2000,奈良,10454.0
2001,奈良,9435.0
2002,奈良,9787.0
2003,奈良,9401.0
2004,奈良,7700.0
2005,奈良,7130.0
2006,奈良,7144.0
2007,奈良,7003.0
2008,奈良,6681.0
2009,奈良,6919.0
2010,奈良,7109.0
2011,奈良,6386.0
2012,奈良,6273.0
2013,奈良,6162.0
2014,奈良,5767.0
2015,奈良,5829.0
2016,奈良,5602.0
2017,奈良,5595.0
2018,奈良,5405.0
2019,奈良,4569.0
2020,奈良,4257.0
2021,奈良,4191.0
2022,奈良,4466.0
2023,奈良,4018.0
1963,和歌山,11442.0
1964,和歌山,12269.0
1965,和歌山,12588.0
1966,和歌山,14660.0
1967,和歌山,14827.0
1968,和歌山,14628.0
1969,和歌山,15637.0
1970,和歌山,15878.0
1971,和歌山,16058.0
1972,和歌山,16903.0
1973,和歌山,17461.0
1974,和歌山,17615.0
1975,和歌山,17765.0
1976,和歌山,16868.0
1977,和歌山,17248.0
1978,和歌山,15981.0
1979,和歌山,17375.0
1980,和歌山,17961.0
1981,和歌山,16647.0
1982,和歌山,16596.0
1983,和歌山,16523.0
1984,和歌山,15424.0
1985,和歌山,15195.0
1986,和歌山,15657.0
1987,和歌山,15499.0
1988,和歌山,15627.0
1989,和歌山,14984.0
1990,和歌山,15051.0
1991,和歌山,14784.0
1992,和歌山,14666.0
1993,和歌山,14999.0
1994,和歌山,13726.0
1995,和歌山,13976.0
1996,和歌山,13946.0
1997,和歌山,12360.0
1998,和歌山,11595.0
1999,和歌山,11224.0
2000,和歌山,10732.0
2001,和歌山,9617.0
2002,和歌山,9585.0
2003,和歌山,8543.0
2004,和歌山,7288.0
2005,和歌山,7860.0
2006,和歌山,6691.0
2007,和歌山,6461.0
2008,和歌山,5892.0
2009,和歌山,5697.0
2010,和歌山,5646.0
2011,和歌山,5127.0
2012,和歌山,5731.0
2013,和歌山,5201.0
2014,和歌山,4931.0
2015,和歌山,4740.0
2016,和歌山,4416.0
2017,和歌山,4335.0
2018,和歌山,3987.0
2019,和歌山,3816.0
2020,和歌山,3326.0
2021,和歌山,3296.0
2022,和歌山,3277.0
2023,和歌山,3118.0
1963,鳥取,8655.0
1964,鳥取,9273.0
1965,鳥取,9485.0
1966,鳥取,11993.0
1967,鳥取,11007.0
1968,鳥取,10981.0
1969,鳥取,11490.0
1970,鳥取,11691.0
1971,鳥取,11539.0
1972,鳥取,12756.0
1973,鳥取,12805.0
1974,鳥取,12736.0
1975,鳥取,13213.0
1976,鳥取,12497.0
1977,鳥取,13051.0
1978,鳥取,12133.0
1979,鳥取,12865.0
1980,鳥取,11829.0
1981,鳥取,11891.0
1982,鳥取,11786.0
1983,鳥取,11448.0
1984,鳥取,10292.0
1985,鳥取,10099.0
1986,鳥取,10519.0
1987,鳥取,10632.0
1988,鳥取,10816.0
1989,鳥取,10140.0
1990,鳥取,10240.0
1991,鳥取,9901.0
1992,鳥取,9949.0
1993,鳥取,9964.0
1994,鳥取,9282.0
1995,鳥取,9407.0
1996,鳥取,8860.0
1997,鳥取,8380.0
1998,鳥取,7611.0
1999,鳥取,7422.0
2000,鳥取,6777.0
2001,鳥取,6510.0
2002,鳥取,6286.0
2003,鳥取,5735.0
2004,鳥取,5212.0
2005,鳥取,4987.0
2006,鳥取,4537.0
2007,鳥取,4046.0
2008,鳥取,3962.0
2009,鳥取,4149.0
2010,鳥取,3949.0
2011,鳥取,3775.0
2012,鳥取,3496.0
2013,鳥取,3484.0
2014,鳥取,3482.0
2015,鳥取,3236.0
2016,鳥取,3149.0
2017,鳥取,2935.0
2018,鳥取,2730.0
2019,鳥取,2461.0
2020,鳥取,2245.0
2021,鳥取,2118.0
2022,鳥取,2142.0
2023,鳥取,2017.0
1963,島根,11718.0
1964,島根,12656.0
1965,島根,13404.0
1966,島根,15187.0
1967,島根,15011.0
1968,島根,15729.0
1969,島根,16385.0
1970,島根,16576.0
1971,島根,17029.0
1972,島根,17968.0
1973,島根,18602.0
1974,島根,19269.0
1975,島根,19074.0
1976,島根,18698.0
1977,島根,18908.0
1978,島根,18381.0
1979,島根,19334.0
1980,島根,17749.0
1981,島根,17822.0
1982,島根,17536.0
1983,島根,16575.0
1984,島根,14991.0
1985,島根,14617.0
1986,島根,14964.0
1987,島根,15163.0
1988,島根,14925.0
1989,島根,14413.0
1990,島根,14542.0
1991,島根,14473.0
1992,島根,14177.0
1993,島根,14296.0
1994,島根,13255.0
1995,島根,13145.0
1996,島根,12582.0
1997,島根,11573.0
1998,島根,10731.0
1999,島根,10250.0
2000,島根,9459.0
2001,島根,9011.0
2002,島根,8429.0
2003,島根,7656.0
2004,島根,7342.0
2005,島根,6241.0
2006,島根,5889.0
2007,島根,5490.0
2008,島根,5252.0
2009,島根,5113.0
2010,島根,4926.0
2011,島根,4802.0
2012,島根,4831.0
2013,島根,4671.0
2014,島根,4344.0
2015,島根,4270.0
2016,島根,4203.0
2017,島根,4005.0
2018,島根,3570.0
2019,島根,3399.0
2020,島根,3015.0
2021,島根,2970.0
2022,島根,3016.0
2023,島根,2762.0
1963,岡山,17487.0
1964,岡山,19223.0
1965,岡山,20180.0
1966,岡山,23061.0
1967,岡山,23414.0
1968,岡山,24378.0
1969,岡山,25815.0
1970,岡山,26728.0
1971,岡山,26714.0
1972,岡山,27870.0
1973,岡山,29474.0
1974,岡山,30391.0
1975,岡山,30161.0
1976,岡山,29200.0
1977,岡山,29102.0
1978,岡山,27971.0
1979,岡山,29195.0
1980,岡山,27922.0
1981,岡山,28110.0
1982,岡山,28429.0
1983,岡山,27255.0
1984,岡山,25168.0
1985,岡山,24695.0
1986,岡山,25757.0
1987,岡山,25335.0
1988,岡山,26374.0
1989,岡山,24535.0
1990,岡山,24476.0
1991,岡山,25186.0
1992,岡山,24788.0
1993,岡山,24126.0
1994,岡山,22560.0
1995,岡山,22232.0
1996,岡山,21408.0
1997,岡山,19550.0
1998,岡山,18181.0
1999,岡山,16811.0
2000,岡山,15908.0
2001,岡山,15208.0
2002,岡山,14717.0
2003,岡山,13743.0
2004,岡山,12352.0
2005,岡山,11593.0
2006,岡山,10830.0
2007,岡山,10277.0
2008,岡山,9849.0
2009,岡山,9536.0
2010,岡山,9000.0
2011,岡山,8768.0
2012,岡山,8483.0
2013,岡山,8636.0
2014,岡山,7812.0
2015,岡山,7945.0
2016,岡山,7988.0
2017,岡山,7305.0
2018,岡山,6926.0
2019,岡山,6134.0
2020,岡山,5783.0
2021,岡山,5540.0
2022,岡山,5600.0
2023,岡山,5283.0
1963,広島,28259.0
1964,広島,29346.0
1965,広島,31650.0
1966,広島,36463.0
1967,広島,37550.0
1968,広島,37525.0
1969,広島,39342.0
1970,広島,41062.0
1971,広島,41612.0
1972,広島,44505.0
1973,広島,45926.0
1974,広島,45739.0
1975,広島,46135.0
1976,広島,44667.0
1977,広島,43997.0
1978,広島,42433.0
1979,広島,43903.0
1980,広島,43155.0
1981,広島,42824.0
1982,広島,41610.0
1983,広島,39127.0
1984,広島,35525.0
1985,広島,34828.0
1986,広島,35951.0
1987,広島,36292.0
1988,広島,36900.0
1989,広島,34849.0
1990,広島,35556.0
1991,広島,35178.0
1992,広島,34927.0
1993,広島,33997.0
1994,広島,31710.0
1995,広島,31500.0
1996,広島,30713.0
1997,広島,28358.0
1998,広島,25955.0
1999,広島,25592.0
2000,広島,24112.0
2001,広島,22294.0
2002,広島,21210.0
2003,広島,18841.0
2004,広島,17163.0
2005,広島,16205.0
2006,広島,15397.0
2007,広島,14798.0
2008,広島,14289.0
2009,広島,13649.0
2010,広島,13213.0
2011,広島,13333.0
2012,広島,12967.0
2013,広島,12851.0
2014,広島,12440.0
2015,広島,12472.0
2016,広島,12063.0
2017,広島,11277.0
2018,広島,10967.0
2019,広島,9551.0
2020,広島,9404.0
2021,広島,9102.0
2022,広島,8855.0
2023,広島,8870.0
1963,山口,20684.0
1964,山口,21623.0
1965,山口,21826.0
1966,山口,24951.0
1967,山口,24385.0
1968,山口,25409.0
1969,山口,26712.0
1970,山口,27274.0
1971,山口,27366.0
1972,山口,28875.0
1973,山口,29554.0
1974,山口,30339.0
1975,山口,30746.0
1976,山口,29477.0
1977,山口,28367.0
1978,山口,26405.0
1979,山口,27243.0
1980,山口,25784.0
1981,山口,25209.0
1982,山口,24100.0
1983,山口,22451.0
1984,山口,19870.0
1985,山口,18964.0
1986,山口,19113.0
1987,山口,19276.0
1988,山口,19246.0
1989,山口,18460.0
1990,山口,18677.0
1991,山口,18782.0
1992,山口,18516.0
1993,山口,18301.0
1994,山口,16990.0
1995,山口,16963.0
1996,山口,16164.0
1997,山口,14772.0
1998,山口,13642.0
1999,山口,13617.0
2000,山口,12306.0
2001,山口,11495.0
2002,山口,10730.0
2003,山口,9934.0
2004,山口,9033.0
2005,山口,8412.0
2006,山口,8165.0
2007,山口,7564.0
2008,山口,7074.0
2009,山口,7075.0
2010,山口,6566.0
2011,山口,6609.0
2012,山口,6564.0
2013,山口,6360.0
2014,山口,6328.0
2015,山口,5883.0
2016,山口,7599.0
2017,山口,5251.0
2018,山口,5262.0
2019,山口,4903.0
2020,山口,4836.0
2021,山口,4420.0
2022,山口,4568.0
2023,山口,4196.0
1963,徳島,8757.0
1964,徳島,8970.0
1965,徳島,9411.0
1966,徳島,10604.0
1967,徳島,10602.0
1968,徳島,10836.0
1969,徳島,10882.0
1970,徳島,11781.0
1971,徳島,11721.0
1972,徳島,12170.0
1973,徳島,12834.0
1974,徳島,12123.0
1975,徳島,13380.0
1976,徳島,12027.0
1977,徳島,12542.0
1978,徳島,11663.0
1979,徳島,12659.0
1980,徳島,12024.0
1981,徳島,12007.0
1982,徳島,11867.0
1983,徳島,11532.0
1984,徳島,10498.0
1985,徳島,9985.0
1986,徳島,10475.0
1987,徳島,10296.0
1988,徳島,10246.0
1989,徳島,10101.0
1990,徳島,10269.0
1991,徳島,10820.0
1992,徳島,9958.0
1993,徳島,9684.0
1994,徳島,9140.0
1995,徳島,9570.0
1996,徳島,8692.0
1997,徳島,7890.0
1998,徳島,7782.0
1999,徳島,7302.0
2000,徳島,7055.0
2001,徳島,6397.0
2002,徳島,6123.0
2003,徳島,5630.0
2004,徳島,5146.0
2005,徳島,4647.0
2006,徳島,4246.0
2007,徳島,3975.0
2008,徳島,3769.0
2009,徳島,3801.0
2010,徳島,3710.0
2011,徳島,3596.0
2012,徳島,3410.0
2013,徳島,3451.0
2014,徳島,3077.0
2015,徳島,3113.0
2016,徳島,3443.0
2017,徳島,3401.0
2018,徳島,2758.0
2019,徳島,2335.0
2020,徳島,2335.0
2021,徳島,2244.0
2022,徳島,2224.0
2023,徳島,2132.0
1963,香川,9212.0
1964,香川,9411.0
1965,香川,9300.0
1966,香川,11670.0
1967,香川,11338.0
1968,香川,11336.0
1969,香川,11784.0
1970,香川,12059.0
1971,香川,12781.0
1972,香川,13537.0
1973,香川,14009.0
1974,香川,13685.0
1975,香川,14587.0
1976,香川,13871.0
1977,香川,14173.0
1978,香川,13641.0
1979,香川,14952.0
1980,香川,13918.0
1981,香川,14193.0
1982,香川,14259.0
1983,香川,13958.0
1984,香川,12528.0
1985,香川,12738.0
1986,香川,13330.0
1987,香川,13396.0
1988,香川,13580.0
1989,香川,12632.0
1990,香川,12478.0
1991,香川,12323.0
1992,香川,12554.0
1993,香川,12289.0
1994,香川,11109.0
1995,香川,11527.0
1996,香川,10776.0
1997,香川,9933.0
1998,香川,9044.0
1999,香川,8737.0
2000,香川,8263.0
2001,香川,7705.0
2002,香川,7334.0
2003,香川,6833.0
2004,香川,6086.0
2005,香川,5690.0
2006,香川,5394.0
2007,香川,5201.0
2008,香川,5025.0
2009,香川,4734.0
2010,香川,4563.0
2011,香川,4478.0
2012,香川,4374.0
2013,香川,4316.0
2014,香川,4042.0
2015,香川,4013.0
2016,香川,3719.0
2017,香川,3810.0
2018,香川,3327.0
2019,香川,3174.0
2020,香川,2876.0
2021,香川,2727.0
2022,香川,2914.0
2023,香川,3222.0
1963,愛媛,15635.0
1964,愛媛,17409.0
1965,愛媛,17960.0
1966,愛媛,21249.0
1967,愛媛,18979.0
1968,愛媛,19778.0
1969,愛媛,21307.0
1970,愛媛,21639.0
1971,愛媛,22041.0
1972,愛媛,23648.0
1973,愛媛,24042.0
1974,愛媛,23693.0
1975,愛媛,24074.0
1976,愛媛,22914.0
1977,愛媛,23236.0
1978,愛媛,22271.0
1979,愛媛,23280.0
1980,愛媛,21813.0
1981,愛媛,21982.0
1982,愛媛,22142.0
1983,愛媛,21636.0
1984,愛媛,18801.0
1985,愛媛,18736.0
1986,愛媛,19735.0
1987,愛媛,19337.0
1988,愛媛,19580.0
1989,愛媛,18736.0
1990,愛媛,18706.0
1991,愛媛,18059.0
1992,愛媛,18006.0
1993,愛媛,18055.0
1994,愛媛,16788.0
1995,愛媛,16666.0
1996,愛媛,15897.0
1997,愛媛,14640.0
1998,愛媛,13816.0
1999,愛媛,13094.0
2000,愛媛,12344.0
2001,愛媛,11454.0
2002,愛媛,10997.0
2003,愛媛,9824.0
2004,愛媛,8754.0
2005,愛媛,7911.0
2006,愛媛,7760.0
2007,愛媛,7521.0
2008,愛媛,7518.0
2009,愛媛,6933.0
2010,愛媛,6677.0
2011,愛媛,6569.0
2012,愛媛,6305.0
2013,愛媛,6288.0
2014,愛媛,5976.0
2015,愛媛,5778.0
2016,愛媛,5532.0
2017,愛媛,5347.0
2018,愛媛,4908.0
2019,愛媛,4564.0
2020,愛媛,4165.0
2021,愛媛,4032.0
2022,愛媛,3815.0
2023,愛媛,3743.0
1963,高知,10559.0
1964,高知,12420.0
1965,高知,12029.0
1966,高知,14114.0
1967,高知,13981.0
1968,高知,14603.0
1969,高知,15085.0
1970,高知,16158.0
1971,高知,15597.0
1972,高知,16846.0
1973,高知,17134.0
1974,高知,16901.0
1975,高知,17366.0
1976,高知,16908.0
1977,高知,16563.0
1978,高知,16431.0
1979,高知,17165.0
1980,高知,16069.0
1981,高知,16028.0
1982,高知,16072.0
1983,高知,15330.0
1984,高知,14297.0
1985,高知,14117.0
1986,高知,14455.0
1987,高知,13916.0
1988,高知,13982.0
1989,高知,13059.0
1990,高知,13215.0
1991,高知,12776.0
1992,高知,12815.0
1993,高知,12526.0
1994,高知,11673.0
1995,高知,11570.0
1996,高知,11082.0
1997,高知,10692.0
1998,高知,9667.0
1999,高知,9292.0
2000,高知,8527.0
2001,高知,8035.0
2002,高知,7534.0
2003,高知,6916.0
2004,高知,6155.0
2005,高知,6105.0
2006,高知,5271.0
2007,高知,5128.0
2008,高知,4898.0
2009,高知,4736.0
2010,高知,4458.0
2011,高知,4138.0
2012,高知,4107.0
2013,高知,3990.0
2014,高知,3724.0
2015,高知,3650.0
2016,高知,3571.0
2017,高知,3657.0
2018,高知,3140.0
2019,高知,2894.0
2020,高知,2651.0
2021,高知,2414.0
2022,高知,2421.0
2023,高知,2375.0
1963,福岡,50147.0
1964,福岡,53524.0
1965,福岡,56515.0
1966,福岡,62240.0
1967,福岡,62214.0
1968,福岡,63719.0
1969,福岡,66159.0
1970,福岡,66933.0
1971,福岡,66151.0
1972,福岡,68194.0
1973,福岡,68318.0
1974,福岡,68699.0
1975,福岡,67812.0
1976,福岡,64506.0
1977,福岡,58898.0
1978,福岡,55609.0
1979,福岡,56674.0
1980,福岡,52848.0
1981,福岡,51232.0
1982,福岡,49669.0
1983,福岡,46062.0
1984,福岡,41346.0
1985,福岡,41369.0
1986,福岡,42829.0
1987,福岡,43758.0
1988,福岡,43866.0
1989,福岡,43377.0
1990,福岡,44199.0
1991,福岡,44967.0
1992,福岡,45270.0
1993,福岡,44762.0
1994,福岡,43721.0
1995,福岡,42434.0
1996,福岡,40996.0
1997,福岡,39371.0
1998,福岡,36413.0
1999,福岡,35316.0
2000,福岡,33852.0
2001,福岡,31334.0
2002,福岡,29792.0
2003,福岡,26301.0
2004,福岡,23634.0
2005,福岡,22777.0
2006,福岡,21979.0
2007,福岡,21063.0
2008,福岡,20041.0
2009,福岡,19881.0
2010,福岡,19575.0
2011,福岡,19527.0
2012,福岡,19185.0
2013,福岡,19201.0
2014,福岡,19068.0
2015,福岡,19745.0
2016,福岡,19006.0
2017,福岡,18241.0
2018,福岡,16880.0
2019,福岡,16511.0
2020,福岡,14141.0
2021,福岡,13777.0
2022,福岡,13383.0
2023,福岡,13378.0
1963,佐賀,11413.0
1964,佐賀,12293.0
1965,佐賀,13159.0
1966,佐賀,14896.0
1967,佐賀,15059.0
1968,佐賀,15896.0
1969,佐賀,16707.0
1970,佐賀,16993.0
1971,佐賀,17171.0
1972,佐賀,17683.0
1973,佐賀,17891.0
1974,佐賀,17131.0
1975,佐賀,17136.0
1976,佐賀,16234.0
1977,佐賀,15482.0
1978,佐賀,14747.0
1979,佐賀,15323.0
1980,佐賀,14108.0
1981,佐賀,13990.0
1982,佐賀,13624.0
1983,佐賀,12904.0
1984,佐賀,11616.0
1985,佐賀,11621.0
1986,佐賀,11867.0
1987,佐賀,12069.0
1988,佐賀,11852.0
1989,佐賀,11749.0
1990,佐賀,12081.0
1991,佐賀,12283.0
1992,佐賀,12262.0
1993,佐賀,12125.0
1994,佐賀,11456.0
1995,佐賀,11501.0
1996,佐賀,10837.0
1997,佐賀,10182.0
1998,佐賀,9623.0
1999,佐賀,9338.0
2000,佐賀,8636.0
2001,佐賀,8029.0
2002,佐賀,7375.0
2003,佐賀,6677.0
2004,佐賀,6046.0
2005,佐賀,5708.0
2006,佐賀,5316.0
2007,佐賀,4973.0
2008,佐賀,4701.0
2009,佐賀,4549.0
2010,佐賀,4593.0
2011,佐賀,4502.0
2012,佐賀,4369.0
2013,佐賀,4324.0
2014,佐賀,4184.0
2015,佐賀,4253.0
2016,佐賀,4166.0
2017,佐賀,4041.0
2018,佐賀,3677.0
2019,佐賀,3487.0
2020,佐賀,3224.0
2021,佐賀,3057.0
2022,佐賀,3040.0
2023,佐賀,2959.0
1963,長崎,17627.0
1964,長崎,18880.0
1965,長崎,20186.0
1966,長崎,22382.0
1967,長崎,22512.0
1968,長崎,23257.0
1969,長崎,24041.0
1970,長崎,23962.0
1971,長崎,23807.0
1972,長崎,24242.0
1973,長崎,23660.0
1974,長崎,23716.0
1975,長崎,23225.0
1976,長崎,21883.0
1977,長崎,20276.0
1978,長崎,18926.0
1979,長崎,19055.0
1980,長崎,17625.0
1981,長崎,17170.0
1982,長崎,16441.0
1983,長崎,15521.0
1984,長崎,13847.0
1985,長崎,13452.0
1986,長崎,13727.0
1987,長崎,14171.0
1988,長崎,14102.0
1989,長崎,13938.0
1990,長崎,14006.0
1991,長崎,14351.0
1992,長崎,14616.0
1993,長崎,14588.0
1994,長崎,13843.0
1995,長崎,14105.0
1996,長崎,13556.0
1997,長崎,12524.0
1998,長崎,11606.0
1999,長崎,11269.0
2000,長崎,10520.0
2001,長崎,9990.0
2002,長崎,9494.0
2003,長崎,8684.0
2004,長崎,7445.0
2005,長崎,7046.0
2006,長崎,6614.0
2007,長崎,5896.0
2008,長崎,5784.0
2009,長崎,5812.0
2010,長崎,5568.0
2011,長崎,5527.0
2012,長崎,5271.0
2013,長崎,5309.0
2014,長崎,5126.0
2015,長崎,5015.0
2016,長崎,4885.0
2017,長崎,4756.0
2018,長崎,4558.0
2019,長崎,4222.0
2020,長崎,3796.0
2021,長崎,4500.0
2022,長崎,3682.0
2023,長崎,3569.0
1963,熊本,15699.0
1964,熊本,16598.0
1965,熊本,17309.0
1966,熊本,19132.0
1967,熊本,18515.0
1968,熊本,18443.0
1969,熊本,18434.0
1970,熊本,18129.0
1971,熊本,17727.0
1972,熊本,18369.0
1973,熊本,18490.0
1974,熊本,17953.0
1975,熊本,18217.0
1976,熊本,16811.0
1977,熊本,15439.0
1978,熊本,14366.0
1979,熊本,13957.0
1980,熊本,12828.0
1981,熊本,12123.0
1982,熊本,11829.0
1983,熊本,10886.0
1984,熊本,9329.0
1985,熊本,9437.0
1986,熊本,9605.0
1987,熊本,9716.0
1988,熊本,9621.0
1989,熊本,9728.0
1990,熊本,9976.0
1991,熊本,9892.0
1992,熊本,9865.0
1993,熊本,9891.0
1994,熊本,9422.0
1995,熊本,9246.0
1996,熊本,8856.0
1997,熊本,8264.0
1998,熊本,7618.0
1999,熊本,7518.0
2000,熊本,6839.0
2001,熊本,6668.0
2002,熊本,6296.0
2003,熊本,5882.0
2004,熊本,5135.0
2005,熊本,4899.0
2006,熊本,4796.0
2007,熊本,4315.0
2008,熊本,4422.0
2009,熊本,4303.0
2010,熊本,4226.0
2011,熊本,4191.0
2012,熊本,4215.0
2013,熊本,4581.0
2014,熊本,4251.0
2015,熊本,4093.0
2016,熊本,4175.0
2017,熊本,4111.0
2018,熊本,3868.0
2019,熊本,3643.0
2020,熊本,3375.0
2021,熊本,3395.0
2022,熊本,3320.0
2023,熊本,3334.0
1963,大分,13978.0
1964,大分,14667.0
1965,大分,15570.0
1966,大分,16884.0
1967,大分,16496.0
1968,大分,16368.0
1969,大分,16393.0
1970,大分,16349.0
1971,大分,16199.0
1972,大分,15706.0
1973,大分,15824.0
1974,大分,15721.0
1975,大分,16083.0
1976,大分,14707.0
1977,大分,13733.0
1978,大分,13046.0
1979,大分,13249.0
1980,大分,12084.0
1981,大分,11634.0
1982,大分,11573.0
1983,大分,10904.0
1984,大分,9430.0
1985,大分,9373.0
1986,大分,9614.0
1987,大分,10131.0
1988,大分,9998.0
1989,大分,10356.0
1990,大分,10674.0
1991,大分,10634.0
1992,大分,10487.0
1993,大分,10420.0
1994,大分,9837.0
1995,大分,10112.0
1996,大分,9708.0
1997,大分,9234.0
1998,大分,8579.0
1999,大分,8610.0
2000,大分,7550.0
2001,大分,7046.0
2002,大分,6788.0
2003,大分,6305.0
2004,大分,5701.0
2005,大分,5122.0
2006,大分,5147.0
2007,大分,4957.0
2008,大分,4778.0
2009,大分,4621.0
2010,大分,4464.0
2011,大分,4392.0
2012,大分,4761.0
2013,大分,4235.0
2014,大分,4269.0
2015,大分,4530.0
2016,大分,4165.0
2017,大分,4123.0
2018,大分,3750.0
2019,大分,3600.0
2020,大分,3193.0
2021,大分,3093.0
2022,大分,3169.0
2023,大分,3072.0
1963,宮崎,3603.0
1964,宮崎,3482.0
1965,宮崎,3236.0
1966,宮崎,3206.0
1967,宮崎,3070.0
1968,宮崎,2982.0
1969,宮崎,2873.0
1970,宮崎,2791.0
1971,宮崎,2785.0
1972,宮崎,2979.0
1973,宮崎,3217.0
1974,宮崎,3221.0
1975,宮崎,3221.0
1976,宮崎,2978.0
1977,宮崎,2748.0
1978,宮崎,2659.0
1979,宮崎,2786.0
1980,宮崎,2598.0
1981,宮崎,2513.0
1982,宮崎,2466.0
1983,宮崎,2332.0
1984,宮崎,2136.0
1985,宮崎,2139.0
1986,宮崎,2294.0
1987,宮崎,2421.0
1988,宮崎,2554.0
1989,宮崎,2652.0
1990,宮崎,2906.0
1991,宮崎,2969.0
1992,宮崎,3085.0
1993,宮崎,3184.0
1994,宮崎,3082.0
1995,宮崎,3138.0
1996,宮崎,3059.0
1997,宮崎,2859.0
1998,宮崎,2648.0
1999,宮崎,2699.0
2000,宮崎,2483.0
2001,宮崎,2448.0
2002,宮崎,2367.0
2003,宮崎,2428.0
2004,宮崎,2001.0
2005,宮崎,2291.0
2006,宮崎,1952.0
2007,宮崎,1953.0
2008,宮崎,1870.0
2009,宮崎,1822.0
2010,宮崎,1844.0
2011,宮崎,1921.0
2012,宮崎,2012.0
2013,宮崎,2065.0
2014,宮崎,2087.0
2015,宮崎,2106.0
2016,宮崎,2092.0
2017,宮崎,2068.0
2018,宮崎,2111.0
2019,宮崎,1867.0
2020,宮崎,1757.0
2021,宮崎,1706.0
2022,宮崎,1698.0
2023,宮崎,1707.0
1963,鹿児島,2575.0
1964,鹿児島,2555.0
1965,鹿児島,2287.0
1966,鹿児島,2126.0
1967,鹿児島,1957.0
1968,鹿児島,1746.0
1969,鹿児島,1694.0
1970,鹿児島,1678.0
1971,鹿児島,1719.0
1972,鹿児島,1961.0
1973,鹿児島,2122.0
1974,鹿児島,2109.0
1975,鹿児島,2095.0
1976,鹿児島,1951.0
1977,鹿児島,1815.0
1978,鹿児島,1787.0
1979,鹿児島,1803.0
1980,鹿児島,1669.0
1981,鹿児島,1592.0
1982,鹿児島,1552.0
1983,鹿児島,1473.0
1984,鹿児島,1330.0
1985,鹿児島,1363.0
1986,鹿児島,1414.0
1987,鹿児島,1476.0
1988,鹿児島,1529.0
1989,鹿児島,1619.0
1990,鹿児島,1758.0
1991,鹿児島,1967.0
1992,鹿児島,1947.0
1993,鹿児島,2034.0
1994,鹿児島,1970.0
1995,鹿児島,2070.0
1996,鹿児島,2061.0
1997,鹿児島,1955.0
1998,鹿児島,1883.0
1999,鹿児島,1829.0
2000,鹿児島,1857.0
2001,鹿児島,1974.0
2002,鹿児島,1729.0
2003,鹿児島,1634.0
2004,鹿児島,1490.0
2005,鹿児島,1413.0
2006,鹿児島,1445.0
2007,鹿児島,1451.0
2008,鹿児島,1409.0
2009,鹿児島,1367.0
2010,鹿児島,1379.0
2011,鹿児島,1531.0
2012,鹿児島,1603.0
2013,鹿児島,1704.0
2014,鹿児島,1807.0
2015,鹿児島,1615.0
2016,鹿児島,1591.0
2017,鹿児島,1573.0
2018,鹿児島,1501.0
2019,鹿児島,1425.0
2020,鹿児島,1441.0
2021,鹿児島,1445.0
2022,鹿児島,1397.0
2023,鹿児島,1410.0
1963,沖縄,
1964,沖縄,
1965,沖縄,
1966,沖縄,
1967,沖縄,
1968,沖縄,
1969,沖縄,
1970,沖縄,
1971,沖縄,
1972,沖縄,
1973,沖縄,
1974,沖縄,
1975,沖縄,
1976,沖縄,
1977,沖縄,
1978,沖縄,
1979,沖縄,
1980,沖縄,
1981,沖縄,
1982,沖縄,
1983,沖縄,
1984,沖縄,
1985,沖縄,
1986,沖縄,
1987,沖縄,
1988,沖縄,
1989,沖縄,
1990,沖縄,
1991,沖縄,
1992,沖縄,
1993,沖縄,
1994,沖縄,
1995,沖縄,
1996,沖縄,
1997,沖縄,
1998,沖縄,
1999,沖縄,
2000,沖縄,
2001,沖縄,
2002,沖縄,
2003,沖縄,
2004,沖縄,951.0
2005,沖縄,931.0
2006,沖縄,900.0
2007,沖縄,895.0
2008,沖縄,766.0
2009,沖縄,1016.0
2010,沖縄,1290.0
2011,沖縄,1159.0
2012,沖縄,1186.0
2013,沖縄,1211.0
2014,沖縄,1138.0
2015,沖縄,1427.0
2016,沖縄,1359.0
2017,沖縄,1244.0
2018,沖縄,1219.0
2019,沖縄,952.0
2020,沖縄,1068.0
2021,沖縄,1347.0
2022,沖縄,1276.0
2023,沖縄,1169.0
