year,prefecture,respondent_count,self_pref_kl,self_bureau_kl,other_bureau_kl,total_kl,self_pref_pct,self_bureau_pct,other_bureau_pct,source,region
2019,北海道,12.0,3612.0,,579.0,4191.0,86.2,,13.8,新概況 r02,北海道
2019,青森,15.0,2641.0,207.0,937.0,3785.0,69.8,5.5,24.8,新概況 r02,東北
2019,岩手,20.0,3089.0,193.0,888.0,4170.0,74.1,4.6,21.3,新概況 r02,東北
2019,宮城,26.0,3044.0,2514.0,2202.0,7761.0,39.2,32.4,28.4,新概況 r02,東北
2019,秋田,32.0,5468.0,2895.0,9214.0,17578.0,31.1,16.5,52.4,新概況 r02,東北
2019,山形,49.0,3725.0,698.0,4579.0,9003.0,41.4,7.8,50.9,新概況 r02,東北
2019,福島,55.0,5843.0,873.0,5731.0,12448.0,46.9,7.0,46.0,新概況 r02,東北
2019,茨城,33.0,1604.0,163.0,1158.0,2925.0,54.8,5.6,39.6,新概況 r02,関東
2019,栃木,29.0,1808.0,1523.0,3961.0,7291.0,24.8,20.9,54.3,新概況 r02,関東
2019,群馬,16.0,1274.0,77.0,290.0,1641.0,77.7,4.7,17.7,新概況 r02,関東
2019,埼玉,26.0,3971.0,1317.0,14588.0,19876.0,20.0,6.6,73.4,新概況 r02,関東
2019,千葉,23.0,1783.0,3738.0,5869.0,11390.0,15.7,32.8,51.5,新概況 r02,関東
2019,東京,8.0,1275.0,96.0,210.0,1581.0,80.6,6.1,13.3,新概況 r02,関東
2019,神奈川,8.0,429.0,175.0,67.0,671.0,63.9,26.1,10.0,新概況 r02,関東
2019,新潟,84.0,20325.0,4338.0,13457.0,38120.0,53.3,11.4,35.3,新概況 r02,中部
2019,富山,16.0,2446.0,691.0,800.0,3937.0,62.1,17.6,20.3,新概況 r02,中部
2019,石川,21.0,2855.0,225.0,1975.0,5055.0,56.5,4.5,39.1,新概況 r02,中部
2019,福井,23.0,1340.0,59.0,1470.0,2869.0,46.7,2.1,51.2,新概況 r02,中部
2019,山梨,11.0,630.0,263.0,132.0,1025.0,61.5,25.6,12.9,新概況 r02,中部
2019,長野,74.0,6420.0,249.0,3257.0,9926.0,64.7,2.5,32.8,新概況 r02,中部
2019,岐阜,40.0,2107.0,835.0,1734.0,4676.0,45.1,17.9,37.1,新概況 r02,中部
2019,静岡,26.0,2225.0,93.0,1086.0,3403.0,65.4,2.7,31.9,新概況 r02,中部
2019,愛知,32.0,4925.0,1345.0,6115.0,12385.0,39.8,10.9,49.4,新概況 r02,中部
2019,三重,29.0,1101.0,228.0,896.0,2225.0,49.5,10.3,40.3,新概況 r02,中部
2019,滋賀,27.0,1063.0,256.0,369.0,1688.0,63.0,15.2,21.9,新概況 r02,近畿
2019,京都,33.0,2993.0,9660.0,48743.0,61396.0,4.9,15.7,79.4,新概況 r02,近畿
2019,大阪,14.0,707.0,107.0,77.0,891.0,79.3,12.1,8.6,新概況 r02,近畿
2019,兵庫,55.0,20792.0,18931.0,75853.0,115576.0,18.0,16.4,65.6,新概況 r02,近畿
2019,奈良,29.0,849.0,927.0,826.0,2602.0,32.6,35.6,31.8,新概況 r02,近畿
2019,和歌山,11.0,972.0,430.0,697.0,2100.0,46.3,20.5,33.2,新概況 r02,近畿
2019,鳥取,17.0,528.0,41.0,236.0,805.0,65.5,5.1,29.3,新概況 r02,中国
2019,島根,26.0,1304.0,167.0,603.0,2074.0,62.9,8.1,29.1,新概況 r02,中国
2019,岡山,36.0,1507.0,121.0,1010.0,2638.0,57.1,4.6,38.3,新概況 r02,中国
2019,広島,35.0,5585.0,227.0,3082.0,8894.0,62.8,2.5,34.7,新概況 r02,中国
2019,山口,32.0,1449.0,419.0,4771.0,6639.0,21.8,6.3,71.9,新概況 r02,中国
2019,徳島,15.0,361.0,33.0,51.0,444.0,81.2,7.4,11.4,新概況 r02,四国
2019,香川,4.0,679.0,101.0,251.0,1032.0,65.8,9.8,24.4,新概況 r02,四国
2019,愛媛,32.0,1178.0,232.0,320.0,1730.0,68.1,13.4,18.5,新概況 r02,四国
2019,高知,17.0,1832.0,490.0,2765.0,5086.0,36.0,9.6,54.4,新概況 r02,四国
2019,福岡,40.0,2766.0,125.0,1250.0,4140.0,66.8,3.0,30.2,新概況 r02,九州・沖縄
2019,佐賀,20.0,2013.0,351.0,735.0,3099.0,64.9,11.3,23.7,新概況 r02,九州・沖縄
2019,長崎,12.0,833.0,159.0,111.0,1103.0,75.5,14.4,10.0,新概況 r02,九州・沖縄
2019,熊本,9.0,833.0,29.0,250.0,1113.0,74.9,2.6,22.5,新概況 r02,九州・沖縄
2019,大分,27.0,1466.0,104.0,873.0,2443.0,60.0,4.3,35.7,新概況 r02,九州・沖縄
2019,宮崎,2.0,,,,,,,,新概況 r02,九州・沖縄
2019,鹿児島,1.0,,,,,,,,新概況 r02,九州・沖縄
2019,沖縄,1.0,,,,,,,,新概況 r02,九州・沖縄
2020,北海道,12.0,2628.0,,148.0,2776.0,94.7,,5.3,新概況 r03,北海道
2020,青森,16.0,2158.0,146.0,751.0,3055.0,70.7,4.8,24.6,新概況 r03,東北
2020,岩手,17.0,2037.0,133.0,1125.0,3296.0,61.8,4.0,34.1,新概況 r03,東北
2020,宮城,30.0,2690.0,2185.0,1825.0,6700.0,40.1,32.6,27.2,新概況 r03,東北
2020,秋田,28.0,4532.0,2751.0,8604.0,15887.0,28.5,17.3,54.2,新概況 r03,東北
2020,山形,49.0,3463.0,458.0,3003.0,6924.0,50.0,6.6,43.4,新概況 r03,東北
2020,福島,58.0,4887.0,676.0,5923.0,11486.0,42.5,5.9,51.6,新概況 r03,東北
2020,茨城,34.0,1078.0,102.0,1077.0,2257.0,47.8,4.5,47.7,新概況 r03,関東
2020,栃木,25.0,1497.0,1185.0,3607.0,6289.0,23.8,18.8,57.4,新概況 r03,関東
2020,群馬,20.0,1152.0,124.0,266.0,1542.0,74.7,8.1,17.3,新概況 r03,関東
2020,埼玉,27.0,2423.0,1328.0,14083.0,17835.0,13.6,7.4,79.0,新概況 r03,関東
2020,千葉,28.0,1882.0,3268.0,5268.0,10418.0,18.1,31.4,50.6,新概況 r03,関東
2020,東京,11.0,1096.0,132.0,75.0,1303.0,84.1,10.1,5.8,新概況 r03,関東
2020,神奈川,9.0,439.0,196.0,77.0,712.0,61.6,27.6,10.8,新概況 r03,関東
2020,新潟,88.0,17070.0,3095.0,11029.0,31193.0,54.7,9.9,35.4,新概況 r03,中部
2020,富山,16.0,2602.0,536.0,951.0,4089.0,63.6,13.1,23.3,新概況 r03,中部
2020,石川,21.0,1867.0,195.0,1649.0,3711.0,50.3,5.3,44.4,新概況 r03,中部
2020,福井,19.0,1049.0,80.0,1278.0,2407.0,43.6,3.3,53.1,新概況 r03,中部
2020,山梨,10.0,582.0,304.0,86.0,972.0,59.9,31.2,8.9,新概況 r03,中部
2020,長野,72.0,4992.0,244.0,2680.0,7916.0,63.1,3.1,33.9,新概況 r03,中部
2020,岐阜,37.0,1407.0,617.0,1393.0,3417.0,41.2,18.1,40.8,新概況 r03,中部
2020,静岡,17.0,1304.0,170.0,865.0,2339.0,55.8,7.3,37.0,新概況 r03,中部
2020,愛知,30.0,3749.0,1102.0,5027.0,9879.0,38.0,11.2,50.9,新概況 r03,中部
2020,三重,18.0,613.0,122.0,493.0,1228.0,49.9,10.0,40.2,新概況 r03,中部
2020,滋賀,26.0,898.0,252.0,319.0,1469.0,61.2,17.2,21.7,新概況 r03,近畿
2020,京都,34.0,2550.0,9047.0,44246.0,55843.0,4.6,16.2,79.2,新概況 r03,近畿
2020,大阪,13.0,554.0,88.0,62.0,705.0,78.7,12.6,8.8,新概況 r03,近畿
2020,兵庫,56.0,17965.0,13744.0,63370.0,95078.0,18.9,14.5,66.6,新概況 r03,近畿
2020,奈良,26.0,1679.0,562.0,616.0,2856.0,58.8,19.7,21.6,新概況 r03,近畿
2020,和歌山,13.0,804.0,370.0,604.0,1777.0,45.2,20.8,34.0,新概況 r03,近畿
2020,鳥取,13.0,309.0,28.0,123.0,460.0,67.3,6.1,26.7,新概況 r03,中国
2020,島根,22.0,1001.0,137.0,451.0,1590.0,63.0,8.6,28.4,新概況 r03,中国
2020,岡山,37.0,1263.0,104.0,725.0,2093.0,60.4,5.0,34.7,新概況 r03,中国
2020,広島,34.0,4432.0,123.0,2721.0,7276.0,60.9,1.7,37.4,新概況 r03,中国
2020,山口,28.0,778.0,227.0,3076.0,4081.0,19.1,5.6,75.4,新概況 r03,中国
2020,徳島,14.0,273.0,28.0,41.0,342.0,79.8,8.3,11.9,新概況 r03,四国
2020,香川,5.0,635.0,87.0,238.0,959.0,66.2,9.1,24.8,新概況 r03,四国
2020,愛媛,25.0,942.0,202.0,199.0,1344.0,70.1,15.0,14.8,新概況 r03,四国
2020,高知,16.0,1415.0,434.0,1723.0,3572.0,39.6,12.1,48.2,新概況 r03,四国
2020,福岡,40.0,2007.0,81.0,626.0,2714.0,73.9,3.0,23.1,新概況 r03,九州・沖縄
2020,佐賀,21.0,1591.0,284.0,709.0,2585.0,61.6,11.0,27.4,新概況 r03,九州・沖縄
2020,長崎,11.0,582.0,125.0,80.0,787.0,73.9,15.9,10.2,新概況 r03,九州・沖縄
2020,熊本,8.0,649.0,23.0,183.0,855.0,76.0,2.7,21.4,新概況 r03,九州・沖縄
2020,大分,26.0,1092.0,62.0,713.0,1867.0,58.5,3.3,38.2,新概況 r03,九州・沖縄
2020,宮崎,2.0,,,,,,,,新概況 r03,九州・沖縄
2020,鹿児島,1.0,,,,,,,,新概況 r03,九州・沖縄
2020,沖縄,1.0,,,,,,,,新概況 r03,九州・沖縄
2021,北海道,14.0,2778.0,,218.0,2996.0,92.7,,7.3,新概況 r04,北海道
2021,青森,17.0,1989.0,141.0,738.0,2869.0,69.3,4.9,25.7,新概況 r04,東北
2021,岩手,16.0,1976.0,115.0,430.0,2521.0,78.4,4.5,17.1,新概況 r04,東北
2021,宮城,27.0,2494.0,1928.0,1623.0,6044.0,41.3,31.9,26.8,新概況 r04,東北
2021,秋田,27.0,4469.0,2789.0,8448.0,15705.0,28.5,17.8,53.8,新概況 r04,東北
2021,山形,48.0,2973.0,500.0,3172.0,6645.0,44.7,7.5,47.7,新概況 r04,東北
2021,福島,61.0,4399.0,644.0,5902.0,10945.0,40.2,5.9,53.9,新概況 r04,東北
2021,茨城,25.0,675.0,31.0,126.0,832.0,81.1,3.8,15.1,新概況 r04,関東
2021,栃木,21.0,1286.0,1015.0,3471.0,5772.0,22.3,17.6,60.1,新概況 r04,関東
2021,群馬,19.0,1049.0,422.0,263.0,1734.0,60.5,24.3,15.2,新概況 r04,関東
2021,埼玉,28.0,3879.0,1347.0,14853.0,20078.0,19.3,6.7,74.0,新概況 r04,関東
2021,千葉,27.0,1873.0,3039.0,4657.0,9569.0,19.6,31.8,48.7,新概況 r04,関東
2021,東京,8.0,940.0,84.0,64.0,1087.0,86.5,7.7,5.9,新概況 r04,関東
2021,神奈川,8.0,371.0,190.0,66.0,627.0,59.1,30.4,10.5,新概況 r04,関東
2021,新潟,85.0,16548.0,3107.0,13206.0,32862.0,50.4,9.5,40.2,新概況 r04,中部
2021,富山,16.0,2347.0,527.0,805.0,3679.0,63.8,14.3,21.9,新概況 r04,中部
2021,石川,21.0,1136.0,90.0,839.0,2066.0,55.0,4.4,40.6,新概況 r04,中部
2021,福井,20.0,1065.0,61.0,1122.0,2248.0,47.4,2.7,49.9,新概況 r04,中部
2021,山梨,9.0,484.0,281.0,83.0,849.0,57.0,33.1,9.8,新概況 r04,中部
2021,長野,71.0,4512.0,201.0,3222.0,7935.0,56.9,2.5,40.6,新概況 r04,中部
2021,岐阜,43.0,1126.0,468.0,674.0,2268.0,49.7,20.6,29.7,新概況 r04,中部
2021,静岡,18.0,1170.0,60.0,964.0,2193.0,53.3,2.7,43.9,新概況 r04,中部
2021,愛知,33.0,5441.0,1125.0,5114.0,11680.0,46.6,9.6,43.8,新概況 r04,中部
2021,三重,19.0,677.0,189.0,742.0,1609.0,42.1,11.8,46.1,新概況 r04,中部
2021,滋賀,30.0,701.0,332.0,385.0,1418.0,49.4,23.4,27.1,新概況 r04,近畿
2021,京都,33.0,2744.0,1609.0,16666.0,21019.0,13.1,7.7,79.3,新概況 r04,近畿
2021,大阪,16.0,515.0,84.0,55.0,655.0,78.7,12.9,8.4,新概況 r04,近畿
2021,兵庫,55.0,22432.0,15549.0,71400.0,109381.0,20.5,14.2,65.3,新概況 r04,近畿
2021,奈良,25.0,1308.0,609.0,783.0,2700.0,48.4,22.6,29.0,新概況 r04,近畿
2021,和歌山,14.0,839.0,432.0,464.0,1734.0,48.4,24.9,26.7,新概況 r04,近畿
2021,鳥取,15.0,366.0,34.0,191.0,591.0,61.9,5.8,32.3,新概況 r04,中国
2021,島根,27.0,964.0,142.0,438.0,1544.0,62.4,9.2,28.4,新概況 r04,中国
2021,岡山,38.0,1069.0,128.0,619.0,1816.0,58.9,7.0,34.1,新概況 r04,中国
2021,広島,29.0,1844.0,382.0,1929.0,4155.0,44.4,9.2,46.4,新概況 r04,中国
2021,山口,30.0,1023.0,238.0,3349.0,4610.0,22.2,5.2,72.6,新概況 r04,中国
2021,徳島,12.0,178.0,9.0,23.0,210.0,85.0,4.1,10.9,新概況 r04,四国
2021,香川,6.0,485.0,63.0,220.0,767.0,63.2,8.2,28.6,新概況 r04,四国
2021,愛媛,27.0,731.0,187.0,190.0,1108.0,66.0,16.9,17.1,新概況 r04,四国
2021,高知,15.0,1220.0,326.0,1594.0,3140.0,38.8,10.4,50.8,新概況 r04,四国
2021,福岡,37.0,1542.0,96.0,420.0,2059.0,74.9,4.7,20.4,新概況 r04,九州・沖縄
2021,佐賀,22.0,1366.0,263.0,723.0,2352.0,58.1,11.2,30.7,新概況 r04,九州・沖縄
2021,長崎,10.0,470.0,136.0,85.0,690.0,68.1,19.6,12.3,新概況 r04,九州・沖縄
2021,熊本,9.0,469.0,19.0,140.0,628.0,74.7,2.9,22.4,新概況 r04,九州・沖縄
2021,大分,27.0,916.0,66.0,628.0,1609.0,56.9,4.1,39.0,新概況 r04,九州・沖縄
2021,宮崎,2.0,94.0,3.0,3.0,100.0,94.0,3.4,2.6,新概況 r04,九州・沖縄
2021,鹿児島,2.0,18.0,,45.0,63.0,28.2,0.0,71.8,新概況 r04,九州・沖縄
2021,沖縄,,,,,,,,,新概況 r04,九州・沖縄
2022,北海道,13.0,3271.0,,259.0,3530.0,92.7,,7.3,新概況 r05,北海道
2022,青森,14.0,1583.0,60.0,372.0,2015.0,78.6,3.0,18.5,新概況 r05,東北
2022,岩手,18.0,2103.0,183.0,850.0,3136.0,67.0,5.8,27.1,新概況 r05,東北
2022,宮城,25.0,2529.0,1907.0,1817.0,6253.0,40.4,30.5,29.1,新概況 r05,東北
2022,秋田,28.0,4657.0,2668.0,8457.0,15782.0,29.5,16.9,53.6,新概況 r05,東北
2022,山形,44.0,2867.0,359.0,3542.0,6767.0,42.4,5.3,52.3,新概況 r05,東北
2022,福島,58.0,4849.0,466.0,4387.0,9703.0,50.0,4.8,45.2,新概況 r05,東北
2022,茨城,24.0,826.0,62.0,234.0,1122.0,73.6,5.5,20.9,新概況 r05,関東
2022,栃木,16.0,1070.0,1031.0,3438.0,5539.0,19.3,18.6,62.1,新概況 r05,関東
2022,群馬,14.0,868.0,45.0,213.0,1126.0,77.1,4.0,18.9,新概況 r05,関東
2022,埼玉,24.0,5225.0,1425.0,13840.0,20490.0,25.5,7.0,67.5,新概況 r05,関東
2022,千葉,24.0,1980.0,3620.0,4555.0,10154.0,19.5,35.6,44.9,新概況 r05,関東
2022,東京,11.0,1024.0,112.0,84.0,1220.0,84.0,9.2,6.9,新概況 r05,関東
2022,神奈川,8.0,435.0,141.0,94.0,670.0,65.0,21.0,14.0,新概況 r05,関東
2022,新潟,78.0,15921.0,3222.0,12036.0,31178.0,51.1,10.3,38.6,新概況 r05,中部
2022,富山,10.0,1842.0,458.0,799.0,3098.0,59.4,14.8,25.8,新概況 r05,中部
2022,石川,21.0,1603.0,182.0,1804.0,3589.0,44.7,5.1,50.3,新概況 r05,中部
2022,福井,12.0,950.0,59.0,1134.0,2143.0,44.3,2.8,52.9,新概況 r05,中部
2022,山梨,7.0,577.0,354.0,94.0,1025.0,56.3,34.6,9.2,新概況 r05,中部
2022,長野,68.0,3832.0,290.0,3044.0,7165.0,53.5,4.0,42.5,新概況 r05,中部
2022,岐阜,38.0,1242.0,624.0,947.0,2813.0,44.1,22.2,33.7,新概況 r05,中部
2022,静岡,21.0,1766.0,305.0,1018.0,3090.0,57.2,9.9,33.0,新概況 r05,中部
2022,愛知,30.0,5350.0,1025.0,4024.0,10400.0,51.4,9.9,38.7,新概況 r05,中部
2022,三重,17.0,579.0,120.0,598.0,1297.0,44.7,9.2,46.1,新概況 r05,中部
2022,滋賀,21.0,591.0,191.0,262.0,1044.0,56.6,18.3,25.1,新概況 r05,近畿
2022,京都,26.0,2975.0,8027.0,41377.0,52378.0,5.7,15.3,79.0,新概況 r05,近畿
2022,大阪,10.0,439.0,85.0,58.0,582.0,75.4,14.6,10.0,新概況 r05,近畿
2022,兵庫,52.0,20427.0,14605.0,68462.0,103494.0,19.7,14.1,66.2,新概況 r05,近畿
2022,奈良,23.0,1573.0,493.0,758.0,2824.0,55.7,17.5,26.8,新概況 r05,近畿
2022,和歌山,14.0,750.0,259.0,469.0,1478.0,50.8,17.5,31.7,新概況 r05,近畿
2022,鳥取,13.0,226.0,64.0,254.0,544.0,41.5,11.8,46.7,新概況 r05,中国
2022,島根,21.0,941.0,116.0,443.0,1500.0,62.7,7.8,29.5,新概況 r05,中国
2022,岡山,27.0,886.0,82.0,602.0,1569.0,56.4,5.2,38.4,新概況 r05,中国
2022,広島,33.0,2545.0,703.0,1914.0,5162.0,49.3,13.6,37.1,新概況 r05,中国
2022,山口,18.0,672.0,169.0,3021.0,3862.0,17.4,4.4,78.2,新概況 r05,中国
2022,徳島,7.0,257.0,27.0,33.0,317.0,81.1,8.5,10.4,新概況 r05,四国
2022,香川,5.0,450.0,56.0,178.0,684.0,65.8,8.2,26.0,新概況 r05,四国
2022,愛媛,19.0,701.0,170.0,193.0,1064.0,65.9,16.0,18.1,新概況 r05,四国
2022,高知,12.0,453.0,90.0,810.0,1353.0,33.5,6.6,59.9,新概況 r05,四国
2022,福岡,42.0,1749.0,102.0,927.0,2778.0,63.0,3.7,33.4,新概況 r05,九州・沖縄
2022,佐賀,20.0,1233.0,241.0,766.0,2240.0,55.1,10.7,34.2,新概況 r05,九州・沖縄
2022,長崎,11.0,359.0,85.0,80.0,523.0,68.5,16.2,15.3,新概況 r05,九州・沖縄
2022,熊本,9.0,667.0,32.0,221.0,920.0,72.5,3.5,24.0,新概況 r05,九州・沖縄
2022,大分,26.0,1018.0,51.0,669.0,1738.0,58.5,3.0,38.5,新概況 r05,九州・沖縄
2022,宮崎,2.0,105.0,3.0,3.0,111.0,94.1,3.1,2.8,新概況 r05,九州・沖縄
2022,鹿児島,2.0,8.0,,,8.0,100.0,0.0,0.0,新概況 r05,九州・沖縄
2022,沖縄,,,,,,,,,新概況 r05,九州・沖縄
2023,北海道,14.0,3226.0,,314.0,3540.0,91.1,,8.9,新概況 r06,北海道
2023,青森,12.0,2148.0,95.0,746.0,2989.0,71.9,3.2,25.0,新概況 r06,東北
2023,岩手,20.0,2359.0,178.0,657.0,3194.0,73.9,5.6,20.6,新概況 r06,東北
2023,宮城,28.0,2662.0,1960.0,2014.0,6635.0,40.1,29.5,30.4,新概況 r06,東北
2023,秋田,31.0,4213.0,2510.0,8149.0,14872.0,28.3,16.9,54.8,新概況 r06,東北
2023,山形,45.0,2953.0,401.0,3976.0,7331.0,40.3,5.5,54.2,新概況 r06,東北
2023,福島,59.0,4200.0,603.0,3532.0,8335.0,50.4,7.2,42.4,新概況 r06,東北
2023,茨城,28.0,982.0,53.0,335.0,1370.0,71.7,3.9,24.4,新概況 r06,関東
2023,栃木,23.0,1356.0,1142.0,3836.0,6334.0,21.4,18.0,60.6,新概況 r06,関東
2023,群馬,18.0,1067.0,119.0,286.0,1472.0,72.5,8.1,19.5,新概況 r06,関東
2023,埼玉,27.0,4014.0,2967.0,13874.0,20856.0,19.2,14.2,66.5,新概況 r06,関東
2023,千葉,26.0,1885.0,4814.0,3236.0,9935.0,19.0,48.5,32.6,新概況 r06,関東
2023,東京,13.0,1131.0,86.0,74.0,1291.0,87.6,6.7,5.7,新概況 r06,関東
2023,神奈川,10.0,478.0,159.0,70.0,707.0,67.6,22.5,9.9,新概況 r06,関東
2023,新潟,83.0,16558.0,3476.0,11735.0,31768.0,52.1,10.9,36.9,新概況 r06,中部
2023,富山,11.0,1670.0,545.0,649.0,2864.0,58.3,19.0,22.7,新概況 r06,中部
2023,石川,13.0,909.0,68.0,722.0,1699.0,53.5,4.0,42.5,新概況 r06,中部
2023,福井,22.0,1113.0,100.0,1239.0,2452.0,45.4,4.1,50.5,新概況 r06,中部
2023,山梨,9.0,536.0,360.0,79.0,974.0,55.0,36.9,8.1,新概況 r06,中部
2023,長野,63.0,4438.0,214.0,2966.0,7618.0,58.3,2.8,38.9,新概況 r06,中部
2023,岐阜,42.0,1536.0,741.0,1492.0,3768.0,40.8,19.7,39.6,新概況 r06,中部
2023,静岡,24.0,1488.0,125.0,846.0,2459.0,60.5,5.1,34.4,新概況 r06,中部
2023,愛知,36.0,3476.0,1029.0,4684.0,9189.0,37.8,11.2,51.0,新概況 r06,中部
2023,三重,23.0,664.0,151.0,968.0,1783.0,37.2,8.5,54.3,新概況 r06,中部
2023,滋賀,24.0,747.0,221.0,360.0,1329.0,56.2,16.7,27.1,新概況 r06,近畿
2023,京都,29.0,2749.0,7662.0,39577.0,49988.0,5.5,15.3,79.2,新概況 r06,近畿
2023,大阪,13.0,537.0,91.0,62.0,690.0,77.9,13.1,9.0,新概況 r06,近畿
2023,兵庫,57.0,18375.0,15542.0,66121.0,100037.0,18.4,15.5,66.1,新概況 r06,近畿
2023,奈良,24.0,630.0,557.0,952.0,2139.0,29.5,26.0,44.5,新概況 r06,近畿
2023,和歌山,15.0,800.0,387.0,699.0,1886.0,42.4,20.5,37.1,新概況 r06,近畿
2023,鳥取,17.0,405.0,33.0,275.0,713.0,56.8,4.6,38.6,新概況 r06,中国
2023,島根,29.0,1010.0,137.0,589.0,1736.0,58.2,7.9,33.9,新概況 r06,中国
2023,岡山,31.0,1044.0,85.0,637.0,1766.0,59.1,4.8,36.1,新概況 r06,中国
2023,広島,31.0,2569.0,468.0,2335.0,5372.0,47.8,8.7,43.5,新概況 r06,中国
2023,山口,23.0,979.0,239.0,4202.0,5421.0,18.1,4.4,77.5,新概況 r06,中国
2023,徳島,13.0,283.0,23.0,34.0,340.0,83.2,6.9,9.9,新概況 r06,四国
2023,香川,6.0,534.0,64.0,234.0,832.0,64.2,7.7,28.2,新概況 r06,四国
2023,愛媛,26.0,851.0,140.0,231.0,1222.0,69.6,11.5,18.9,新概況 r06,四国
2023,高知,14.0,809.0,1095.0,900.0,2804.0,28.8,39.1,32.1,新概況 r06,四国
2023,福岡,39.0,1791.0,209.0,1041.0,3041.0,58.9,6.9,34.2,新概況 r06,九州・沖縄
2023,佐賀,20.0,1355.0,302.0,834.0,2492.0,54.4,12.1,33.5,新概況 r06,九州・沖縄
2023,長崎,11.0,436.0,92.0,205.0,733.0,59.5,12.5,28.0,新概況 r06,九州・沖縄
2023,熊本,9.0,646.0,64.0,134.0,844.0,76.5,7.6,15.9,新概況 r06,九州・沖縄
2023,大分,25.0,962.0,51.0,704.0,1717.0,56.0,2.9,41.0,新概況 r06,九州・沖縄
2023,宮崎,2.0,,,,,,,,新概況 r06,九州・沖縄
2023,鹿児島,2.0,,,,,,,,新概況 r06,九州・沖縄
2023,沖縄,1.0,,,,,,,,新概況 r06,九州・沖縄
2024,北海道,14.0,2829.0,,323.0,3152.0,89.8,,10.2,新概況 r07,北海道
2024,青森,13.0,2135.0,108.0,922.0,3165.0,67.5,3.4,29.1,新概況 r07,東北
2024,岩手,21.0,2109.0,247.0,734.0,3091.0,68.2,8.0,23.7,新概況 r07,東北
2024,宮城,29.0,2580.0,1908.0,1984.0,6472.0,39.9,29.5,30.7,新概況 r07,東北
2024,秋田,36.0,4189.0,2467.0,8030.0,14685.0,28.5,16.8,54.7,新概況 r07,東北
2024,山形,48.0,2776.0,491.0,3787.0,7055.0,39.3,7.0,53.7,新概況 r07,東北
2024,福島,57.0,3813.0,353.0,3173.0,7340.0,52.0,4.8,43.2,新概況 r07,東北
2024,茨城,31.0,959.0,120.0,274.0,1353.0,70.9,8.9,20.2,新概況 r07,関東
2024,栃木,31.0,1610.0,1181.0,4284.0,7075.0,22.8,16.7,60.6,新概況 r07,関東
2024,群馬,16.0,980.0,100.0,324.0,1403.0,69.8,7.1,23.1,新概況 r07,関東
2024,埼玉,27.0,2681.0,3374.0,14118.0,20173.0,13.3,16.7,70.0,新概況 r07,関東
2024,千葉,27.0,2259.0,6400.0,2290.0,10949.0,20.6,58.4,20.9,新概況 r07,関東
2024,東京,15.0,1167.0,237.0,708.0,2113.0,55.2,11.2,33.5,新概況 r07,関東
2024,神奈川,13.0,660.0,194.0,96.0,950.0,69.5,20.4,10.1,新概況 r07,関東
2024,新潟,86.0,16276.0,3446.0,11341.0,31063.0,52.4,11.1,36.5,新概況 r07,中部
2024,富山,14.0,1515.0,486.0,686.0,2686.0,56.4,18.1,25.5,新概況 r07,中部
2024,石川,22.0,1119.0,120.0,1228.0,2467.0,45.4,4.9,49.8,新概況 r07,中部
2024,福井,24.0,1219.0,95.0,1281.0,2595.0,47.0,3.7,49.4,新概況 r07,中部
2024,山梨,11.0,577.0,394.0,91.0,1062.0,54.3,37.1,8.6,新概況 r07,中部
2024,長野,72.0,4473.0,342.0,3296.0,8111.0,55.1,4.2,40.6,新概況 r07,中部
2024,岐阜,42.0,1381.0,685.0,1435.0,3501.0,39.5,19.6,41.0,新概況 r07,中部
2024,静岡,23.0,1947.0,812.0,1520.0,4279.0,45.5,19.0,35.5,新概況 r07,中部
2024,愛知,38.0,3270.0,1015.0,4613.0,8898.0,36.8,11.4,51.8,新概況 r07,中部
2024,三重,22.0,674.0,171.0,1010.0,1856.0,36.3,9.2,54.4,新概況 r07,中部
2024,滋賀,26.0,805.0,219.0,386.0,1410.0,57.1,15.6,27.4,新概況 r07,近畿
2024,京都,37.0,22914.0,7322.0,52979.0,83215.0,27.5,8.8,63.7,新概況 r07,近畿
2024,大阪,15.0,431.0,74.0,56.0,561.0,76.9,13.2,9.9,新概況 r07,近畿
2024,兵庫,57.0,17608.0,14811.0,65415.0,97834.0,18.0,15.1,66.9,新概況 r07,近畿
2024,奈良,28.0,593.0,578.0,801.0,1972.0,30.0,29.3,40.6,新概況 r07,近畿
2024,和歌山,15.0,714.0,385.0,748.0,1846.0,38.7,20.8,40.5,新概況 r07,近畿
2024,鳥取,17.0,374.0,71.0,299.0,744.0,50.3,9.5,40.2,新概況 r07,中国
2024,島根,30.0,983.0,123.0,602.0,1708.0,57.5,7.2,35.3,新概況 r07,中国
2024,岡山,33.0,1119.0,107.0,609.0,1835.0,61.0,5.8,33.2,新概況 r07,中国
2024,広島,38.0,3940.0,445.0,1980.0,6365.0,61.9,7.0,31.1,新概況 r07,中国
2024,山口,32.0,1397.0,303.0,4127.0,5827.0,24.0,5.2,70.8,新概況 r07,中国
2024,徳島,10.0,284.0,24.0,32.0,340.0,83.5,7.2,9.3,新概況 r07,四国
2024,香川,6.0,540.0,5.0,294.0,839.0,64.3,0.6,35.1,新概況 r07,四国
2024,愛媛,28.0,806.0,131.0,216.0,1152.0,69.9,11.3,18.7,新概況 r07,四国
2024,高知,19.0,852.0,204.0,1891.0,2947.0,28.9,6.9,64.2,新概況 r07,四国
2024,福岡,38.0,1567.0,75.0,714.0,2356.0,66.5,3.2,30.3,新概況 r07,九州・沖縄
2024,佐賀,21.0,1250.0,283.0,864.0,2397.0,52.1,11.8,36.1,新概況 r07,九州・沖縄
2024,長崎,11.0,371.0,81.0,263.0,715.0,51.9,11.4,36.8,新概況 r07,九州・沖縄
2024,熊本,10.0,662.0,58.0,267.0,987.0,67.1,5.9,27.1,新概況 r07,九州・沖縄
2024,大分,26.0,1000.0,83.0,693.0,1776.0,56.3,4.7,39.0,新概況 r07,九州・沖縄
2024,宮崎,2.0,,,,,,,,新概況 r07,九州・沖縄
2024,鹿児島,2.0,,,,,,,,新概況 r07,九州・沖縄
2024,沖縄,,,,,,,,,新概況 r07,九州・沖縄
